"Timestamp","What is your gender?","What year did you complete you SPM?","  Which state did you complete your SPM in?  ","  What type of secondary school did you attend?  ","Which stream did you take during SPM? (Select up to 2)","What was your SPM results?","Which subjects did you enjoy most during SPM? (Select up to 3)  ","Which subjects did you find most difficult during SPM? (Select up to 3)   ","How would you describe your personality?  ","Which type of tasks do you enjoy most? (Select up to 2)","How would you describe your characteristics? (Select up to 3)","How comfortable are you with public speaking or presentations?  ","Which pre-university program or course did you take after SPM?  ","What major / field of study did you pursue / currently pursuing?  ","What were the main reasons for choosing that major? (Select up to 3)  ","Would you say your field of study is related to your stream you were in for SPM?","How satisfied are you with your current field of study?  ","What advice would you give to current SPM students choosing their major?  "
"2025/10/30 1:38:02 AM GMT+8","Male","SPM 2020","Selangor","Public School (SMK / SMJKC)","Accountancy & Commerce (Perniagaan, Ekonomi etc)","1 - 2 As (A-, A, A+)","Sejarah, bahasa melayu, bahasa inggeris","accounting, ekonomi, perniagaan","Ambivert","Helping and communicating with people;Experimenting and researching","Adventurous;Outgoing;Persuasive","","Diploma","Business & Management (Accounting, Finance, Marketing etc)","Job opportunities;Salary potential;Family expectation","Yes","3","choose wisely"
"2025/10/30 1:48:22 AM GMT+8","Female","SPM 2021","Kedah","Boarding School (SBP / MRSM etc)","Science (Biology, Chemistry etc)","3 - 5 As (A-, A, A+)","Maths ","Chemistry and Addmaths","Extrovert","Solving logical or mathematical problems;Experimenting and researching","Adventurous;Outgoing;Analytical","","Foundation","Business & Management (Accounting, Finance, Marketing etc)","Family expectation","No","2","Take your time and choose wisely which courses to pursue."
"2025/10/30 1:48:26 AM GMT+8","Female","SPM 2021","Selangor","Public School (SMK / SMJKC)","Technical & Vocational (Sains Komputer, Rekacipta, Lukisan Kejuruteraan etc)","6 - 8 As (A-, A, A+)","Math, Add Math, History","Bahasa Melayu, English, Rekacipta","Introvert","Solving logical or mathematical problems;Creating or designing things","Analytical;Observant;Resiliant","","Foundation","Computer Science, Software & Data (Cybersecurity, Data Analytics etc)","Job opportunities;Salary potential;Family expectation","No","2","Make pros and cons list"
"2025/10/30 2:20:01 AM GMT+8","Male","SPM 2021","Selangor","Public School (SMK / SMJKC)","Science (Biology, Chemistry etc)","3 - 5 As (A-, A, A+)","Language Subjects (B. Melayu, B. Inggeris, B. Arab);Art, Humanities & Social Science Subjects (Art, History, P.Islam/Moral)","Mathematical Subjects;Science Subjects (Science, Biology, Physics)","Ambivert","Creating or designing things;Writing or storytelling","Creative","","A-Levels","Humanities & Social Sciences (Philosophy, Language etc)","Personal interest & Passion","No","3","Listen to your heart"
"2025/10/30 3:24:56 AM GMT+8","Male","SPM 2019 or earlier","Johor","Public School (SMK / SMJKC)","Accountancy & Commerce (Perniagaan, Ekonomi etc)","9+ As (A-, A, A+)","Language Subjects (B. Melayu, B. Inggeris, B. Arab);Mathematical Subjects","Science Subjects (Science, Biology, Physics);Accountancy & Commerce Subjects","Ambivert","Solving logical or mathematical problems;Creating or designing things;Writing or storytelling;Analysing and interpreting data","Creative;Analytical;Observant","","Diploma","Computer Science, Software & Data (Cybersecurity, Data Analytics etc)","Job opportunities;Salary potential","No","4","Pick the one you actually passionate "
"2025/10/30 4:24:57 AM GMT+8","Female","SPM 2021","Selangor","Public School (SMK / SMJKC)","Science (Biology, Chemistry etc)","9+ As (A-, A, A+)","Mathematical Subjects;Science Subjects (Science, Biology, Physics)","Language Subjects (B. Melayu, B. Inggeris, B. Arab);Art, Humanities & Social Science Subjects (Art, History, P.Islam/Moral)","Extrovert","Solving logical or mathematical problems","Adventurous;Outgoing;Compassionate","","Matriculation","Engineering (Mechanical, Civil, Electrical etc)","Academic strength in SPM subjects;Job opportunities;Salary potential","Yes","3","Choose based on your interests, no matter how hard the course is,  you'll succeed with enough passion and willpower"
"2025/10/30 6:12:05 AM GMT+8","Male","SPM 2021","Selangor","Public School (SMK / SMJKC)","Technical & Vocational (Sains Komputer, Rekacipta, Lukisan Kejuruteraan etc)","1 - 2 As (A-, A, A+)","Mathematical Subjects;Technology & Computing Subjects;Technical & Engineering Subjects","Language Subjects (B. Melayu, B. Inggeris, B. Arab);Science Subjects (Science, Biology, Physics);Art, Humanities & Social Science Subjects (Art, History, P.Islam/Moral)","Ambivert","Solving logical or mathematical problems;Creating or designing things","Creative;Observant;Reserved","","Diploma","Computer Science, Software & Data (Cybersecurity, Data Analytics etc)","Personal interest & Passion;Job opportunities;Salary potential","No","4","dont pursue in your hobby, it doesn't pay the bills most of the time."
"2025/10/30 7:38:29 AM GMT+8","Female","SPM 2021","Selangor","Public School (SMK / SMJKC)","Science (Biology, Chemistry etc)","3 - 5 As (A-, A, A+)","Language Subjects (B. Melayu, B. Inggeris, B. Arab)","Mathematical Subjects;Science Subjects (Science, Biology, Physics)","Ambivert","Helping and communicating with people;Writing or storytelling","Creative;Persuasive;Compassionate","","Foundation","Law & Legal Studies","Personal interest & Passion","No","5","Its okay to not do what you did in high school. The steams offered in high school are limited. Just make sure you choose what YOU want according to your passion. If you dont like math, dont go for science stream."
"2025/10/30 9:20:02 AM GMT+8","Male","SPM 2023","Negeri Sembilan","Boarding School (SBP / MRSM etc)","Science (Biology, Chemistry etc)","9+ As (A-, A, A+)","Mathematical Subjects;Science Subjects (Science, Biology, Physics)","Language Subjects (B. Melayu, B. Inggeris, B. Arab);Art, Humanities & Social Science Subjects (Art, History, P.Islam/Moral)","Ambivert","Solving logical or mathematical problems;Experimenting and researching","Analytical;Strategic;Observant","","Foundation","Computer Science, Software & Data (Cybersecurity, Data Analytics etc)","Job opportunities;Salary potential;Family expectation","No","4","Choose what you like to do. Or maybe if don't have one, follow what your parent want."
"2025/10/30 10:18:32 AM GMT+8","Male","SPM 2022","Selangor","Public School (SMK / SMJKC)","Science (Biology, Chemistry etc)","3 - 5 As (A-, A, A+)","Language Subjects (B. Melayu, B. Inggeris, B. Arab);Science Subjects (Science, Biology, Physics)","Mathematical Subjects","Extrovert","Creating or designing things;Helping and communicating with people","Creative;Adventurous;Outgoing;Persuasive;Compassionate;Innovative","","Foundation","Business & Management (Accounting, Finance, Marketing etc)","Personal interest & Passion;University / Scolarship offer;Salary potential","No","4","Be patient and calm. Do not rush into the next step of your life. Make sure its a decision taken wisely "
"2025/10/30 12:58:30 PM GMT+8","Male","SPM 2020","Selangor","Private School","Technical & Vocational (Sains Komputer, Rekacipta, Lukisan Kejuruteraan etc)","9+ As (A-, A, A+)","Technology & Computing Subjects","Mathematical Subjects","Ambivert","Helping and communicating with people;Organizing, planning, or managing","Persuasive;Observant;Resiliant","","Diploma","Computer Science, Software & Data (Cybersecurity, Data Analytics etc)","Personal interest & Passion;Job opportunities;Salary potential","Yes","4","Study hard"
"2025/10/30 9:28:40 PM GMT+8","Female","SPM 2021","Selangor","Public School (SMK / SMJKC)","Accountancy & Commerce (Perniagaan, Ekonomi etc)","1 - 2 As (A-, A, A+)","Language Subjects (B. Melayu, B. Inggeris, B. Arab);Science Subjects (Science, Biology, Physics);Art, Humanities & Social Science Subjects (Art, History, P.Islam/Moral)","Accountancy & Commerce Subjects","Ambivert","Helping and communicating with people;Experimenting and researching;Writing or storytelling","Outgoing;Observant;Compassionate","4","Diploma","Media & Communication","Personal interest & Passion;Job opportunities;Salary potential","No","5","your current major won't dictate your future choice of major"
"2025/10/30 11:09:41 PM GMT+8","Female","SPM 2021","Selangor","Public School (SMK / SMJKC)","Science (Biology, Chemistry etc);Sports Science","3 - 5 As (A-, A, A+)","Language Subjects (B. Melayu, B. Inggeris, B. Arab);Mathematical Subjects;Science Subjects (Science, Biology, Physics)","Science Subjects (Science, Biology, Physics)","Ambivert","Solving logical or mathematical problems;Helping and communicating with people","Outgoing;Strategic;Observant","3","Diploma","Science & Mathematics (Biology, Chemistry, Mathematics etc)","Personal interest & Passion;Academic strength in SPM subjects;Job opportunities;Salary potential","Yes","5","Choose a course you enjoy and are good at. Think about future jobs and skills you can use anywhere. Ask seniors or teachers for advice. Pick something practical but still matches your interest."
"2025/10/30 11:17:34 PM GMT+8","Female","SPM 2021","Selangor","Public School (SMK / SMJKC)","Accountancy & Commerce (Perniagaan, Ekonomi etc)","6 - 8 As (A-, A, A+)","Language Subjects (B. Melayu, B. Inggeris, B. Arab);Mathematical Subjects;Accountancy & Commerce Subjects","Science Subjects (Science, Biology, Physics);Art, Humanities & Social Science Subjects (Art, History, P.Islam/Moral);Accountancy & Commerce Subjects","Introvert","Solving logical or mathematical problems;Writing or storytelling","Outgoing;Observant;Compassionate;Reserved","4","Foundation","Business & Management (Accounting, Finance, Marketing etc)","Personal interest & Passion;Academic strength in SPM subjects;Job opportunities","Yes","5","trust your gut"
"2025/10/30 11:43:56 PM GMT+8","Male","SPM 2019 or earlier","Selangor","Public School (SMK / SMJKC)","Science (Biology, Chemistry etc)","3 - 5 As (A-, A, A+)","Language Subjects (B. Melayu, B. Inggeris, B. Arab);Art, Humanities & Social Science Subjects (Art, History, P.Islam/Moral)","Mathematical Subjects;Science Subjects (Science, Biology, Physics)","Introvert","Creating or designing things;Writing or storytelling","Creative;Analytical;Observant;Reserved","3","Diploma","Creative Art (Fashion Design, Interior Design etc)","Personal interest & Passion;Academic strength in SPM subjects","Yes","4","Choose a major that suits your interests while it could also benefit you in long term "
"2025/10/30 11:47:34 PM GMT+8","Female","SPM 2021","Selangor","Public School (SMK / SMJKC)","Accountancy & Commerce (Perniagaan, Ekonomi etc)","9+ As (A-, A, A+)","Language Subjects (B. Melayu, B. Inggeris, B. Arab);Mathematical Subjects;Art, Humanities & Social Science Subjects (Art, History, P.Islam/Moral)","Accountancy & Commerce Subjects","Extrovert","Solving logical or mathematical problems;Helping and communicating with people;Writing or storytelling;Analysing and interpreting data","Adventurous;Analytical","4","Foundation","Business & Management (Accounting, Finance, Marketing etc)","University / Scolarship offer","Yes","4","do research before entering any field"
"2025/10/31 12:25:14 AM GMT+8","Female","SPM 2022","Melaka","Boarding School (SBP / MRSM etc)","Science (Biology, Chemistry etc);Islamic Studies","9+ As (A-, A, A+)","Science Subjects (Science, Biology, Physics);Art, Humanities & Social Science Subjects (Art, History, P.Islam/Moral)","Language Subjects (B. Melayu, B. Inggeris, B. Arab);Mathematical Subjects","Extrovert","Helping and communicating with people;Organizing, planning, or managing","Adventurous;Outgoing;Innovative","5","A-Levels","Health & Medical Sciences (Medicine, Pharmacy, Dentristry etc)","Personal interest & Passion;Academic strength in SPM subjects;University / Scolarship offer","Yes","5","Follow your passion"
"2025/10/31 12:42:29 AM GMT+8","Male","SPM 2023","Negeri Sembilan","Public School (SMK / SMJKC)","Accountancy & Commerce (Perniagaan, Ekonomi etc)","6 - 8 As (A-, A, A+)","Mathematical Subjects;Accountancy & Commerce Subjects","Language Subjects (B. Melayu, B. Inggeris, B. Arab);Art, Humanities & Social Science Subjects (Art, History, P.Islam/Moral)","Introvert","Solving logical or mathematical problems;Analysing and interpreting data","Analytical;Innovative;Reserved","2","A-Levels","Business & Management (Accounting, Finance, Marketing etc)","Personal interest & Passion;Academic strength in SPM subjects;Salary potential","Yes","5","think of what you want your future to look like"
"2025/10/31 12:44:43 AM GMT+8","Male","SPM 2024","Pahang","Public School (SMK / SMJKC)","Technical & Vocational (Sains Komputer, Rekacipta, Lukisan Kejuruteraan etc)","6 - 8 As (A-, A, A+)","Mathematical Subjects;Technical & Engineering Subjects","Language Subjects (B. Melayu, B. Inggeris, B. Arab);Art, Humanities & Social Science Subjects (Art, History, P.Islam/Moral)","Ambivert","Solving logical or mathematical problems;Organizing, planning, or managing","Adventurous;Strategic;Innovative","5","A-Levels","Engineering (Mechanical, Civil, Electrical etc)","Personal interest & Passion;Academic strength in SPM subjects;Family expectation","Yes","4","choose wisely "
"2025/10/31 12:46:46 AM GMT+8","Male","SPM 2024","Pulau Pinang","Boarding School (SBP / MRSM etc)","Science (Biology, Chemistry etc);Islamic Studies","9+ As (A-, A, A+)","Language Subjects (B. Melayu, B. Inggeris, B. Arab);Art, Humanities & Social Science Subjects (Art, History, P.Islam/Moral)","Mathematical Subjects;Science Subjects (Science, Biology, Physics)","Ambivert","Helping and communicating with people;Writing or storytelling","Creative;Persuasive;Compassionate","5","Foundation","Humanities & Social Sciences (Philosophy, Language etc)","Personal interest & Passion;Academic strength in SPM subjects","Yes","5","listen to your heart"
"2025/10/31 12:49:05 AM GMT+8","Female","SPM 2023","Kuala Lumpur","Public School (SMK / SMJKC)","Science (Biology, Chemistry etc);Accountancy & Commerce (Perniagaan, Ekonomi etc)","9+ As (A-, A, A+)","Mathematical Subjects;Science Subjects (Science, Biology, Physics);Art, Humanities & Social Science Subjects (Art, History, P.Islam/Moral)","Language Subjects (B. Melayu, B. Inggeris, B. Arab);Accountancy & Commerce Subjects","Extrovert","Solving logical or mathematical problems;Helping and communicating with people","Adventurous;Outgoing;Persuasive","5","A-Levels","Health & Medical Sciences (Medicine, Pharmacy, Dentristry etc)","Personal interest & Passion;Academic strength in SPM subjects;University / Scolarship offer","Yes","5","Do what you think that will be kind to you"
"2025/10/31 12:50:52 AM GMT+8","Female","SPM 2022","Melaka","Public School (SMK / SMJKC)","Accountancy & Commerce (Perniagaan, Ekonomi etc)","3 - 5 As (A-, A, A+)","Language Subjects (B. Melayu, B. Inggeris, B. Arab);Art, Humanities & Social Science Subjects (Art, History, P.Islam/Moral)","Mathematical Subjects;Accountancy & Commerce Subjects","Introvert","Creating or designing things;Writing or storytelling","Creative;Observant;Reserved","1","Diploma","Humanities & Social Sciences (Philosophy, Language etc)","Personal interest & Passion","No","5","Dont listen to what others expect you to do"
"2025/10/31 12:53:03 AM GMT+8","Male","SPM 2020","Negeri Sembilan","Private School","Science (Biology, Chemistry etc)","6 - 8 As (A-, A, A+)","Mathematical Subjects;Art, Humanities & Social Science Subjects (Art, History, P.Islam/Moral)","Science Subjects (Science, Biology, Physics)","Extrovert","Solving logical or mathematical problems;Analysing and interpreting data","Outgoing;Analytical;Persuasive","4","Foundation","Computer Science, Software & Data (Cybersecurity, Data Analytics etc)","Personal interest & Passion;Job opportunities;Salary potential","No","5","Ask yourself what you love"
"2025/10/31 12:54:49 AM GMT+8","Male","SPM 2023","Pahang","Public School (SMK / SMJKC)","Arts;Sports Science","3 - 5 As (A-, A, A+)","Language Subjects (B. Melayu, B. Inggeris, B. Arab);Art, Humanities & Social Science Subjects (Art, History, P.Islam/Moral)","Mathematical Subjects;Science Subjects (Science, Biology, Physics)","Extrovert","Helping and communicating with people;Organizing, planning, or managing","Adventurous;Outgoing;Strategic","4","Diploma","Business & Management (Accounting, Finance, Marketing etc)","Family expectation;Peers / Friends influence","No","4","spm subjects not matter for future studies"
"2025/10/31 12:57:09 AM GMT+8","Female","SPM 2023","Johor","Public School (SMK / SMJKC)","Accountancy & Commerce (Perniagaan, Ekonomi etc)","6 - 8 As (A-, A, A+)","Mathematical Subjects;Science Subjects (Science, Biology, Physics)","Language Subjects (B. Melayu, B. Inggeris, B. Arab);Art, Humanities & Social Science Subjects (Art, History, P.Islam/Moral)","Ambivert","Solving logical or mathematical problems;Experimenting and researching","Analytical;Strategic;Compassionate","2","Foundation","Computer Science, Software & Data (Cybersecurity, Data Analytics etc)","Job opportunities;Family expectation;Peers / Friends influence","No","1","Choosing the wrong path can affect ur whole life"
"2025/10/31 12:59:13 AM GMT+8","Female","SPM 2023","Sabah","Public School (SMK / SMJKC)","Science (Biology, Chemistry etc)","9+ As (A-, A, A+)","Mathematical Subjects;Science Subjects (Science, Biology, Physics)","Language Subjects (B. Melayu, B. Inggeris, B. Arab);Art, Humanities & Social Science Subjects (Art, History, P.Islam/Moral)","Ambivert","Solving logical or mathematical problems;Experimenting and researching","Persuasive;Observant;Reserved","4","Foundation","Health & Medical Sciences (Medicine, Pharmacy, Dentristry etc)","Job opportunities;Family expectation;Peers / Friends influence","Yes","2","Dont fall into friends interests"
"2025/10/31 1:06:00 AM GMT+8","Male","SPM 2023","Kedah","Public School (SMK / SMJKC)","Technical & Vocational (Sains Komputer, Rekacipta, Lukisan Kejuruteraan etc)","3 - 5 As (A-, A, A+)","Language Subjects (B. Melayu, B. Inggeris, B. Arab);Science Subjects (Science, Biology, Physics);Art, Humanities & Social Science Subjects (Art, History, P.Islam/Moral)","Mathematical Subjects;Technical & Engineering Subjects","Extrovert","Writing or storytelling;Analysing and interpreting data","Analytical;Strategic;Persuasive","5","Diploma","Law & Legal Studies","Personal interest & Passion;Salary potential","No","5","Follow your instincts "
"2025/10/31 1:16:25 AM GMT+8","Male","SPM 2023","Pulau Pinang","Public School (SMK / SMJKC)","Accountancy & Commerce (Perniagaan, Ekonomi etc)","6 - 8 As (A-, A, A+)","Language Subjects (B. Melayu, B. Inggeris, B. Arab);Art, Humanities & Social Science Subjects (Art, History, P.Islam/Moral)","Mathematical Subjects;Science Subjects (Science, Biology, Physics)","Extrovert","Helping and communicating with people;Writing or storytelling","Persuasive;Observant;Resiliant","5","Diploma","Law & Legal Studies","Personal interest & Passion;Salary potential","No","5","ask urself what ur passionate in"
"2025/10/31 1:17:59 AM GMT+8","Male","SPM 2024","Johor","Public School (SMK / SMJKC)","Science (Biology, Chemistry etc)","9+ As (A-, A, A+)","Language Subjects (B. Melayu, B. Inggeris, B. Arab);Art, Humanities & Social Science Subjects (Art, History, P.Islam/Moral)","Mathematical Subjects;Science Subjects (Science, Biology, Physics)","Ambivert","Helping and communicating with people;Writing or storytelling","Creative;Outgoing;Compassionate","4","Matriculation","Health & Medical Sciences (Medicine, Pharmacy, Dentristry etc)","Academic strength in SPM subjects;Family expectation;Peers / Friends influence","Yes","1","follow what you rlly want"
"2025/10/31 1:19:29 AM GMT+8","Female","SPM 2024","Kuala Lumpur","Public School (SMK / SMJKC)","Science (Biology, Chemistry etc)","6 - 8 As (A-, A, A+)","Language Subjects (B. Melayu, B. Inggeris, B. Arab);Science Subjects (Science, Biology, Physics);Art, Humanities & Social Science Subjects (Art, History, P.Islam/Moral)","Mathematical Subjects;Science Subjects (Science, Biology, Physics);Accountancy & Commerce Subjects","Ambivert","Helping and communicating with people;Organizing, planning, or managing","Creative;Observant;Compassionate","4","Diploma","Media & Communication","Personal interest & Passion;Job opportunities","No","4","Pick something you’ll enjoy studying for years, not just something that seems easy."
"2025/10/31 1:19:29 AM GMT+8","Female","SPM 2023","Pulau Pinang","Public School (SMK / SMJKC)","Arts","6 - 8 As (A-, A, A+)","Language Subjects (B. Melayu, B. Inggeris, B. Arab);Art, Humanities & Social Science Subjects (Art, History, P.Islam/Moral)","Mathematical Subjects;Science Subjects (Science, Biology, Physics)","Extrovert","Creating or designing things;Organizing, planning, or managing","Creative;Outgoing;Compassionate","5","Diploma","Media & Communication","Personal interest & Passion;Academic strength in SPM subjects;Job opportunities","Yes","4","think of the life YOU want"
"2025/10/31 2:01:08 AM GMT+8","Female","SPM 2022","Selangor","Private School","Arts","6 - 8 As (A-, A, A+)","Language Subjects (B. Melayu, B. Inggeris, B. Arab);Art, Humanities & Social Science Subjects (Art, History, P.Islam/Moral)","Mathematical Subjects","Ambivert","Creating or designing things;Helping and communicating with people","Observant;Compassionate;Reserved","3","Foundation","Media & Communication","Personal interest & Passion;Academic strength in SPM subjects","Yes","5","Choose your major based on your own interests and passion"
"2025/10/31 2:31:05 AM GMT+8","Female","SPM 2022","Sarawak","Public School (SMK / SMJKC)","Technical & Vocational (Sains Komputer, Rekacipta, Lukisan Kejuruteraan etc)","6 - 8 As (A-, A, A+)","Mathematical Subjects;Science Subjects (Science, Biology, Physics)","Art, Humanities & Social Science Subjects (Art, History, P.Islam/Moral)","Introvert","Solving logical or mathematical problems;Analysing and interpreting data","Analytical;Strategic;Compassionate","2","Diploma","Computer Science, Software & Data (Cybersecurity, Data Analytics etc)","Personal interest & Passion;Job opportunities;Salary potential","No","4","chase ur dreamss"
"2025/10/31 2:33:34 AM GMT+8","Male","SPM 2023","Pahang","Boarding School (SBP / MRSM etc)","Science (Biology, Chemistry etc);Technical & Vocational (Sains Komputer, Rekacipta, Lukisan Kejuruteraan etc)","6 - 8 As (A-, A, A+)","Mathematical Subjects;Science Subjects (Science, Biology, Physics);Technical & Engineering Subjects","Language Subjects (B. Melayu, B. Inggeris, B. Arab);Art, Humanities & Social Science Subjects (Art, History, P.Islam/Moral)","Ambivert","Solving logical or mathematical problems;Analysing and interpreting data","Adventurous;Outgoing;Analytical","4","Matriculation","Engineering (Mechanical, Civil, Electrical etc)","Personal interest & Passion;Academic strength in SPM subjects;Family expectation","Yes","4","choose what you are passionate about "
"2025/10/31 2:40:39 AM GMT+8","Female","SPM 2023","Perlis","Public School (SMK / SMJKC)","Arts","6 - 8 As (A-, A, A+)","Language Subjects (B. Melayu, B. Inggeris, B. Arab);Art, Humanities & Social Science Subjects (Art, History, P.Islam/Moral)","Mathematical Subjects;Science Subjects (Science, Biology, Physics)","Extrovert","Helping and communicating with people;Organizing, planning, or managing","Outgoing;Persuasive;Compassionate","5","Diploma","Law & Legal Studies","Personal interest & Passion;Job opportunities","No","4","do what you love"
"2025/10/31 2:46:27 AM GMT+8","Male","SPM 2023","Melaka","Private School","Accountancy & Commerce (Perniagaan, Ekonomi etc);Islamic Studies","9+ As (A-, A, A+)","Mathematical Subjects;Accountancy & Commerce Subjects","Language Subjects (B. Melayu, B. Inggeris, B. Arab);Art, Humanities & Social Science Subjects (Art, History, P.Islam/Moral)","Ambivert","Solving logical or mathematical problems;Analysing and interpreting data","Outgoing;Analytical;Strategic","2","Diploma","Humanities & Social Sciences (Philosophy, Language etc)","Family expectation","Yes","1","don’t blindly follow others’ advice"
"2025/10/31 2:55:52 AM GMT+8","Female","SPM 2020","Pulau Pinang","Religous School (Sekolah Agama)","Science (Biology, Chemistry etc);Islamic Studies","9+ As (A-, A, A+)","Mathematical Subjects;Science Subjects (Science, Biology, Physics)","Language Subjects (B. Melayu, B. Inggeris, B. Arab);Art, Humanities & Social Science Subjects (Art, History, P.Islam/Moral)","Ambivert","Solving logical or mathematical problems;Analysing and interpreting data","Analytical;Strategic;Compassionate","2","Diploma","Law & Legal Studies","Salary potential;Family expectation","No","2","choose based on your personal interests "
"2025/10/31 2:58:51 AM GMT+8","Male","SPM 2023","Melaka","Public School (SMK / SMJKC)","Accountancy & Commerce (Perniagaan, Ekonomi etc);Sports Science","6 - 8 As (A-, A, A+)","Language Subjects (B. Melayu, B. Inggeris, B. Arab);Mathematical Subjects","Science Subjects (Science, Biology, Physics)","Introvert","Solving logical or mathematical problems;Organizing, planning, or managing","Analytical;Strategic;Persuasive","2","Foundation","Business & Management (Accounting, Finance, Marketing etc)","Personal interest & Passion;Job opportunities;Salary potential","No","5","do research on job market "
"2025/10/31 3:06:25 AM GMT+8","Male","SPM 2020","Perlis","Public School (SMK / SMJKC)","Arts;Accountancy & Commerce (Perniagaan, Ekonomi etc)","3 - 5 As (A-, A, A+)","Language Subjects (B. Melayu, B. Inggeris, B. Arab);Art, Humanities & Social Science Subjects (Art, History, P.Islam/Moral)","Mathematical Subjects;Science Subjects (Science, Biology, Physics);Accountancy & Commerce Subjects","Ambivert","Creating or designing things;Organizing, planning, or managing","Creative;Adventurous;Outgoing","4","Diploma","Media & Communication","Personal interest & Passion;Job opportunities","No","5","Think of the future yoy desire"
"2025/10/31 3:13:09 AM GMT+8","Male","SPM 2024","Sabah","Public School (SMK / SMJKC)","Islamic Studies;Sports Science","6 - 8 As (A-, A, A+)","Language Subjects (B. Melayu, B. Inggeris, B. Arab);Art, Humanities & Social Science Subjects (Art, History, P.Islam/Moral)","Mathematical Subjects;Science Subjects (Science, Biology, Physics)","Extrovert","Helping and communicating with people;Organizing, planning, or managing","Creative;Adventurous;Outgoing","5","Diploma","Humanities & Social Sciences (Philosophy, Language etc)","Personal interest & Passion;Job opportunities","Yes","4","don’t rush in choosing "
"2025/10/31 8:55:03 AM GMT+8","Male","SPM 2024","Selangor","Public School (SMK / SMJKC)","Science (Biology, Chemistry etc);Arts","Pass (Lulus)","Language Subjects (B. Melayu, B. Inggeris, B. Arab);Mathematical Subjects;Technology & Computing Subjects","Language Subjects (B. Melayu, B. Inggeris, B. Arab);Science Subjects (Science, Biology, Physics);Technology & Computing Subjects","Introvert","Solving logical or mathematical problems;Analysing and interpreting data","Analytical;Strategic;Reserved","1","Diploma","Computer Science, Software & Data (Cybersecurity, Data Analytics etc)","Personal interest & Passion;Academic strength in SPM subjects;Job opportunities","Yes","4","Choose course which you have interest "
"2025/10/31 9:20:18 AM GMT+8","Female","SPM 2019 or earlier","Pahang","Public School (SMK / SMJKC)","Science (Biology, Chemistry etc)","6 - 8 As (A-, A, A+)","Science Subjects (Science, Biology, Physics)","Mathematical Subjects","Introvert","Solving logical or mathematical problems;Helping and communicating with people","Outgoing;Persuasive;Compassionate","2","STPM","Science & Mathematics (Biology, Chemistry, Mathematics etc)","Academic strength in SPM subjects;Job opportunities;University / Scolarship offer","Yes","4","don't fuck it up"
"2025/10/31 10:50:16 AM GMT+8","Female","SPM 2022","Selangor","Public School (SMK / SMJKC)","Accountancy & Commerce (Perniagaan, Ekonomi etc)","3 - 5 As (A-, A, A+)","Language Subjects (B. Melayu, B. Inggeris, B. Arab);Science Subjects (Science, Biology, Physics);Art, Humanities & Social Science Subjects (Art, History, P.Islam/Moral)","Mathematical Subjects;Accountancy & Commerce Subjects","Ambivert","Solving logical or mathematical problems;Helping and communicating with people","Adventurous;Outgoing","2","Foundation","Media & Communication","Personal interest & Passion;Academic strength in SPM subjects;Job opportunities;Salary potential","No","5","Don’t ever follow your friends when it comes to choosing your major. Do what you think you can do"
"2025/10/31 1:37:13 PM GMT+8","Female","SPM 2021","Sarawak","Public School (SMK / SMJKC)","Science (Biology, Chemistry etc)","1 - 2 As (A-, A, A+)","Language Subjects (B. Melayu, B. Inggeris, B. Arab);Mathematical Subjects","Science Subjects (Science, Biology, Physics)","Extrovert","Helping and communicating with people;Organizing, planning, or managing;Analysing and interpreting data","Creative;Adventurous;Innovative","2","Foundation","Computer Science, Software & Data (Cybersecurity, Data Analytics etc)","Job opportunities;Salary potential;Peers / Friends influence","No","4","Do your best, that’s just part of your life, result doesn’t mean everything! Don’t give up yourself "
"2025/10/31 1:52:59 PM GMT+8","Female","SPM 2024","Selangor","Public School (SMK / SMJKC)","Technical & Vocational (Sains Komputer, Rekacipta, Lukisan Kejuruteraan etc)","9+ As (A-, A, A+)","Technical & Engineering Subjects","Art, Humanities & Social Science Subjects (Art, History, P.Islam/Moral)","Ambivert","Creating or designing things;Organizing, planning, or managing","Adventurous;Outgoing;Analytical","3","Foundation","Engineering (Mechanical, Civil, Electrical etc)","Personal interest & Passion","Yes","4","Get information from professionals who are working and try to understand the different roles and responsibilities within a company in multiple industries. Try to find which role suits your personality / interest. This way you know which major to choose "
"2025/10/31 5:22:50 PM GMT+8","Female","SPM 2021","Negeri Sembilan","Public School (SMK / SMJKC)","Science (Biology, Chemistry etc)","3 - 5 As (A-, A, A+)","Science Subjects (Science, Biology, Physics)","Science Subjects (Science, Biology, Physics)","Ambivert","Creating or designing things;Analysing and interpreting data","Adventurous;Reserved","2","STPM","Computer Science, Software & Data (Cybersecurity, Data Analytics etc)","Job opportunities","Yes","5","They should keep on hardworking"
"2025/10/31 7:52:11 PM GMT+8","Male","SPM 2023","Pahang","Public School (SMK / SMJKC)","Arts;Sports Science","3 - 5 As (A-, A, A+)","Language Subjects (B. Melayu, B. Inggeris, B. Arab);Science Subjects (Science, Biology, Physics)","Mathematical Subjects;Art, Humanities & Social Science Subjects (Art, History, P.Islam/Moral)","Introvert","Writing or storytelling;Analysing and interpreting data","Adventurous;Outgoing;Compassionate","3","Diploma","Architecture & Built Environment","Personal interest & Passion","No","4","See what your passion is"
"2025/10/31 7:56:40 PM GMT+8","Female","SPM 2022","Pulau Pinang","Public School (SMK / SMJKC)","Science (Biology, Chemistry etc)","6 - 8 As (A-, A, A+)","Language Subjects (B. Melayu, B. Inggeris, B. Arab);Science Subjects (Science, Biology, Physics)","Mathematical Subjects;Art, Humanities & Social Science Subjects (Art, History, P.Islam/Moral)","Extrovert","Helping and communicating with people;Organizing, planning, or managing","Outgoing;Strategic;Persuasive","5","Matriculation","Health & Medical Sciences (Medicine, Pharmacy, Dentristry etc)","Personal interest & Passion;Academic strength in SPM subjects;Family expectation","Yes","5","take your time choosing"
"2025/10/31 7:59:07 PM GMT+8","Female","SPM 2023","Melaka","Public School (SMK / SMJKC)","Technical & Vocational (Sains Komputer, Rekacipta, Lukisan Kejuruteraan etc)","1 - 2 As (A-, A, A+)","Language Subjects (B. Melayu, B. Inggeris, B. Arab);Art, Humanities & Social Science Subjects (Art, History, P.Islam/Moral)","Mathematical Subjects;Technical & Engineering Subjects","Extrovert","Helping and communicating with people;Writing or storytelling","Creative;Outgoing;Compassionate","5","Matriculation","Engineering (Mechanical, Civil, Electrical etc)","Family expectation;Peers / Friends influence","Yes","1","don’t choose solely based on your spm subjects"
"2025/10/31 8:03:02 PM GMT+8","Female","SPM 2020","Sabah","Public School (SMK / SMJKC)","Arts","6 - 8 As (A-, A, A+)","Language Subjects (B. Melayu, B. Inggeris, B. Arab);Mathematical Subjects;Art, Humanities & Social Science Subjects (Art, History, P.Islam/Moral)","Science Subjects (Science, Biology, Physics)","Ambivert","Creating or designing things;Organizing, planning, or managing","Creative;Outgoing;Compassionate","4","Foundation","Creative Art (Fashion Design, Interior Design etc)","Personal interest & Passion;Academic strength in SPM subjects;Peers / Friends influence","Yes","5","don’t choose carelessly"
"2025/10/31 8:06:12 PM GMT+8","Male","SPM 2023","Negeri Sembilan","Religous School (Sekolah Agama)","Science (Biology, Chemistry etc);Islamic Studies","9+ As (A-, A, A+)","Language Subjects (B. Melayu, B. Inggeris, B. Arab);Art, Humanities & Social Science Subjects (Art, History, P.Islam/Moral)","Mathematical Subjects;Science Subjects (Science, Biology, Physics)","Introvert","Helping and communicating with people;Organizing, planning, or managing","Persuasive;Observant;Resiliant","2","A-Levels","Health & Medical Sciences (Medicine, Pharmacy, Dentristry etc)","Academic strength in SPM subjects;Family expectation","Yes","1","despite others, choose what you really want"
"2025/11/12 3:52:46 PM GMT+8","Male","SPM 2021","Melaka","Public School (SMK / SMJKC)","Science (Biology, Chemistry etc)","6 - 8 As (A-, A, A+)","Mathematical Subjects","Science Subjects (Science, Biology, Physics)","Extrovert","Solving logical or mathematical problems","Adventurous;Outgoing;Resiliant","3","Matriculation","Science & Mathematics (Biology, Chemistry, Mathematics etc)","Personal interest & Passion","No","4","Choose the subject you like"
"2025/11/16 5:02:01 PM GMT+8","Female","SPM 2022","Pahang","Public School (SMK / SMJKC)","Arts;Sports Science","6 - 8 As (A-, A, A+)","Language Subjects (B. Melayu, B. Inggeris, B. Arab);Mathematical Subjects","Science Subjects (Science, Biology, Physics);Art, Humanities & Social Science Subjects (Art, History, P.Islam/Moral)","Extrovert","Solving logical or mathematical problems;Writing or storytelling","Creative;Adventurous;Strategic","4","Diploma","Architecture & Built Environment","Personal interest & Passion;Academic strength in SPM subjects","Yes","5","dont listen to other ppl"
"2025/11/16 5:03:41 PM GMT+8","Male","SPM 2021","Melaka","Public School (SMK / SMJKC)","Technical & Vocational (Sains Komputer, Rekacipta, Lukisan Kejuruteraan etc);Islamic Studies","6 - 8 As (A-, A, A+)","Language Subjects (B. Melayu, B. Inggeris, B. Arab);Science Subjects (Science, Biology, Physics)","Mathematical Subjects;Art, Humanities & Social Science Subjects (Art, History, P.Islam/Moral)","Introvert","Solving logical or mathematical problems;Experimenting and researching","Creative;Observant;Compassionate","2","A-Levels","Health & Medical Sciences (Medicine, Pharmacy, Dentristry etc)","Academic strength in SPM subjects;Family expectation","Yes","2","follow your instincts"
"2025/11/16 5:06:41 PM GMT+8","Female","SPM 2020","Perlis","Public School (SMK / SMJKC)","Science (Biology, Chemistry etc);Islamic Studies","3 - 5 As (A-, A, A+)","Mathematical Subjects;Science Subjects (Science, Biology, Physics)","Science Subjects (Science, Biology, Physics);Art, Humanities & Social Science Subjects (Art, History, P.Islam/Moral)","Ambivert","Organizing, planning, or managing;Writing or storytelling","Adventurous;Analytical;Observant","1","STPM","Science & Mathematics (Biology, Chemistry, Mathematics etc)","Job opportunities;Family expectation","No","4","do research on everything"
"2025/11/16 5:10:16 PM GMT+8","Female","SPM 2022","Sarawak","Public School (SMK / SMJKC)","Science (Biology, Chemistry etc);Arts","9+ As (A-, A, A+)","Mathematical Subjects;Art, Humanities & Social Science Subjects (Art, History, P.Islam/Moral)","Language Subjects (B. Melayu, B. Inggeris, B. Arab);Science Subjects (Science, Biology, Physics)","Introvert","Creating or designing things;Experimenting and researching","Outgoing;Strategic;Compassionate","5","A-Levels","Science & Mathematics (Biology, Chemistry, Mathematics etc)","Personal interest & Passion;Academic strength in SPM subjects","Yes","5","do what you lovee"
"2025/11/16 5:13:19 PM GMT+8","Male","SPM 2020","Perlis","Boarding School (SBP / MRSM etc)","Science (Biology, Chemistry etc);Accountancy & Commerce (Perniagaan, Ekonomi etc)","6 - 8 As (A-, A, A+)","Mathematical Subjects;Science Subjects (Science, Biology, Physics)","Mathematical Subjects;Art, Humanities & Social Science Subjects (Art, History, P.Islam/Moral)","Introvert","Solving logical or mathematical problems;Experimenting and researching","Observant;Resiliant;Reserved","1","A-Levels","Health & Medical Sciences (Medicine, Pharmacy, Dentristry etc)","Personal interest & Passion;Academic strength in SPM subjects;Job opportunities","Yes","5","think deeply"
"2025/11/16 5:15:18 PM GMT+8","Male","SPM 2022","Melaka","Religous School (Sekolah Agama)","Accountancy & Commerce (Perniagaan, Ekonomi etc);Islamic Studies","6 - 8 As (A-, A, A+)","Language Subjects (B. Melayu, B. Inggeris, B. Arab);Art, Humanities & Social Science Subjects (Art, History, P.Islam/Moral)","Mathematical Subjects;Science Subjects (Science, Biology, Physics)","Extrovert","Helping and communicating with people;Writing or storytelling","Creative;Adventurous;Persuasive","5","Diploma","Law & Legal Studies","Personal interest & Passion;Academic strength in SPM subjects","No","5","spm isnt what determines your future"
"2025/11/16 5:20:54 PM GMT+8","Female","SPM 2022","Melaka","Public School (SMK / SMJKC)","Arts;Accountancy & Commerce (Perniagaan, Ekonomi etc)","6 - 8 As (A-, A, A+)","Science Subjects (Science, Biology, Physics);Art, Humanities & Social Science Subjects (Art, History, P.Islam/Moral)","Language Subjects (B. Melayu, B. Inggeris, B. Arab);Mathematical Subjects","Ambivert","Organizing, planning, or managing;Experimenting and researching","Creative;Adventurous;Outgoing","4","Diploma","Business & Management (Accounting, Finance, Marketing etc)","Job opportunities;Salary potential;Family expectation","Yes","2","dont force yourself to take what youre not interested in"
"2025/11/16 5:25:22 PM GMT+8","Male","SPM 2023","Johor","Public School (SMK / SMJKC)","Accountancy & Commerce (Perniagaan, Ekonomi etc)","1 - 2 As (A-, A, A+)","Language Subjects (B. Melayu, B. Inggeris, B. Arab);Science Subjects (Science, Biology, Physics)","Mathematical Subjects;Accountancy & Commerce Subjects","Extrovert","Creating or designing things;Helping and communicating with people","Creative;Outgoing;Resiliant","4","Diploma","Business & Management (Accounting, Finance, Marketing etc)","Personal interest & Passion;Job opportunities;Family expectation","Yes","3","do what you want"
"2025/11/16 5:28:08 PM GMT+8","Male","SPM 2023","Negeri Sembilan","Public School (SMK / SMJKC)","Islamic Studies;Sports Science","3 - 5 As (A-, A, A+)","Mathematical Subjects;Art, Humanities & Social Science Subjects (Art, History, P.Islam/Moral)","Science Subjects (Science, Biology, Physics);Art, Humanities & Social Science Subjects (Art, History, P.Islam/Moral)","Extrovert","Helping and communicating with people;Organizing, planning, or managing","Strategic;Persuasive;Compassionate","5","Foundation","Law & Legal Studies","Family expectation;Peers / Friends influence","No","2","dont do what you dont want to"
"2025/11/16 5:31:24 PM GMT+8","Male","SPM 2022","Perlis","Boarding School (SBP / MRSM etc)","Science (Biology, Chemistry etc);Accountancy & Commerce (Perniagaan, Ekonomi etc)","6 - 8 As (A-, A, A+)","Language Subjects (B. Melayu, B. Inggeris, B. Arab);Mathematical Subjects","Science Subjects (Science, Biology, Physics);Art, Humanities & Social Science Subjects (Art, History, P.Islam/Moral)","Ambivert","Solving logical or mathematical problems;Helping and communicating with people","Analytical;Strategic;Resiliant","5","STPM","Science & Mathematics (Biology, Chemistry, Mathematics etc)","Family expectation;Peers / Friends influence","No","2","choose wisely"
"2025/11/16 5:34:27 PM GMT+8","Male","SPM 2020","Melaka","Public School (SMK / SMJKC)","Accountancy & Commerce (Perniagaan, Ekonomi etc);Sports Science","6 - 8 As (A-, A, A+)","Language Subjects (B. Melayu, B. Inggeris, B. Arab);Art, Humanities & Social Science Subjects (Art, History, P.Islam/Moral)","Mathematical Subjects;Science Subjects (Science, Biology, Physics)","Extrovert","Helping and communicating with people;Organizing, planning, or managing","Adventurous;Outgoing;Compassionate","4","Matriculation","Computer Science, Software & Data (Cybersecurity, Data Analytics etc)","Job opportunities;Family expectation;Peers / Friends influence","No","2","salary is not everything"
"2025/11/16 5:39:44 PM GMT+8","Male","SPM 2023","Melaka","Public School (SMK / SMJKC)","Accountancy & Commerce (Perniagaan, Ekonomi etc);Technical & Vocational (Sains Komputer, Rekacipta, Lukisan Kejuruteraan etc)","6 - 8 As (A-, A, A+)","Language Subjects (B. Melayu, B. Inggeris, B. Arab);Science Subjects (Science, Biology, Physics)","Mathematical Subjects;Art, Humanities & Social Science Subjects (Art, History, P.Islam/Moral)","Ambivert","Organizing, planning, or managing;Writing or storytelling","Creative;Analytical;Resiliant","3","Diploma","Computer Science, Software & Data (Cybersecurity, Data Analytics etc)","Job opportunities;Salary potential;Family expectation","Yes","2","dont choose hard courses"
"2025/11/16 5:45:32 PM GMT+8","Male","SPM 2022","Kedah","Public School (SMK / SMJKC)","Accountancy & Commerce (Perniagaan, Ekonomi etc);Technical & Vocational (Sains Komputer, Rekacipta, Lukisan Kejuruteraan etc)","9+ As (A-, A, A+)","Mathematical Subjects;Technology & Computing Subjects;Accountancy & Commerce Subjects","Language Subjects (B. Melayu, B. Inggeris, B. Arab);Science Subjects (Science, Biology, Physics)","Extrovert","Organizing, planning, or managing;Experimenting and researching","Analytical;Strategic;Observant","5","Matriculation","Computer Science, Software & Data (Cybersecurity, Data Analytics etc)","Personal interest & Passion;Academic strength in SPM subjects;Peers / Friends influence","Yes","5","Choose what youre passionate in"
"2025/11/16 5:49:08 PM GMT+8","Female","SPM 2020","Pahang","Religous School (Sekolah Agama)","Technical & Vocational (Sains Komputer, Rekacipta, Lukisan Kejuruteraan etc)","3 - 5 As (A-, A, A+)","Mathematical Subjects;Technology & Computing Subjects","Language Subjects (B. Melayu, B. Inggeris, B. Arab);Science Subjects (Science, Biology, Physics)","Ambivert","Solving logical or mathematical problems;Analysing and interpreting data","Analytical;Strategic;Resiliant","5","Foundation","Computer Science, Software & Data (Cybersecurity, Data Analytics etc)","Personal interest & Passion;Academic strength in SPM subjects;University / Scolarship offer","Yes","4","Ask yourself what you want"
"2025/11/17 10:42:22 AM GMT+8","Male","SPM 2022","Pahang","Public School (SMK / SMJKC)","Science (Biology, Chemistry etc);Accountancy & Commerce (Perniagaan, Ekonomi etc)","6 - 8 As (A-, A, A+)","Language Subjects (B. Melayu, B. Inggeris, B. Arab);Accountancy & Commerce Subjects","Science Subjects (Science, Biology, Physics);Art, Humanities & Social Science Subjects (Art, History, P.Islam/Moral)","Ambivert","Solving logical or mathematical problems;Organizing, planning, or managing","Outgoing;Analytical;Resiliant","2","Foundation","Business & Management (Accounting, Finance, Marketing etc)","Personal interest & Passion;Academic strength in SPM subjects;Family expectation","Yes","4","Think of your ability"
"2025/11/17 10:43:37 AM GMT+8","Female","SPM 2021","Pahang","Public School (SMK / SMJKC)","Science (Biology, Chemistry etc)","3 - 5 As (A-, A, A+)","Language Subjects (B. Melayu, B. Inggeris, B. Arab);Art, Humanities & Social Science Subjects (Art, History, P.Islam/Moral)","Mathematical Subjects;Science Subjects (Science, Biology, Physics)","Extrovert","Creating or designing things;Helping and communicating with people","Creative;Outgoing;Persuasive","5","Diploma","Law & Legal Studies","Personal interest & Passion;Academic strength in SPM subjects;Peers / Friends influence","No","5","SPM subjects don’t determine your future"
"2025/11/17 10:44:48 AM GMT+8","Male","SPM 2020","Sarawak","Public School (SMK / SMJKC)","Accountancy & Commerce (Perniagaan, Ekonomi etc)","1 - 2 As (A-, A, A+)","Language Subjects (B. Melayu, B. Inggeris, B. Arab);Art, Humanities & Social Science Subjects (Art, History, P.Islam/Moral)","Mathematical Subjects;Science Subjects (Science, Biology, Physics);Accountancy & Commerce Subjects","Extrovert","Helping and communicating with people;Organizing, planning, or managing","Adventurous;Outgoing;Compassionate","4","Diploma","Business & Management (Accounting, Finance, Marketing etc)","Family expectation;Peers / Friends influence","Yes","1","choose wisely"
"2025/11/17 10:46:32 AM GMT+8","Male","SPM 2022","Sabah","Boarding School (SBP / MRSM etc)","Science (Biology, Chemistry etc)","9+ As (A-, A, A+)","Mathematical Subjects;Science Subjects (Science, Biology, Physics)","Language Subjects (B. Melayu, B. Inggeris, B. Arab);Art, Humanities & Social Science Subjects (Art, History, P.Islam/Moral)","Ambivert","Solving logical or mathematical problems;Organizing, planning, or managing","Adventurous;Strategic;Persuasive","5","A-Levels","Science & Mathematics (Biology, Chemistry, Mathematics etc)","Personal interest & Passion;Academic strength in SPM subjects;Family expectation","Yes","5","Passion is important!!!"
"2025/11/17 10:48:20 AM GMT+8","Male","SPM 2022","Sarawak","Public School (SMK / SMJKC)","Accountancy & Commerce (Perniagaan, Ekonomi etc)","6 - 8 As (A-, A, A+)","Language Subjects (B. Melayu, B. Inggeris, B. Arab);Accountancy & Commerce Subjects","Science Subjects (Science, Biology, Physics);Art, Humanities & Social Science Subjects (Art, History, P.Islam/Moral)","Introvert","Writing or storytelling;Analysing and interpreting data","Analytical;Strategic;Observant","1","Diploma","Business & Management (Accounting, Finance, Marketing etc)","Academic strength in SPM subjects;Family expectation;Peers / Friends influence","Yes","4","Choose your passion"
"2025/11/17 10:50:10 AM GMT+8","Male","SPM 2020","Pulau Pinang","Public School (SMK / SMJKC)","Technical & Vocational (Sains Komputer, Rekacipta, Lukisan Kejuruteraan etc);Sports Science","9+ As (A-, A, A+)","Mathematical Subjects;Science Subjects (Science, Biology, Physics)","Language Subjects (B. Melayu, B. Inggeris, B. Arab);Art, Humanities & Social Science Subjects (Art, History, P.Islam/Moral)","Introvert","Solving logical or mathematical problems;Analysing and interpreting data","Analytical;Observant;Reserved","4","Foundation","Computer Science, Software & Data (Cybersecurity, Data Analytics etc)","Academic strength in SPM subjects;Job opportunities;Salary potential;Family expectation","Yes","1","Do research before choosing"
"2025/11/17 10:56:24 AM GMT+8","Female","SPM 2022","Kuala Lumpur","Private School","Science (Biology, Chemistry etc);Arts","9+ As (A-, A, A+)","Language Subjects (B. Melayu, B. Inggeris, B. Arab);Science Subjects (Science, Biology, Physics);Art, Humanities & Social Science Subjects (Art, History, P.Islam/Moral)","Mathematical Subjects","Extrovert","Creating or designing things;Organizing, planning, or managing","Creative;Outgoing;Persuasive","5","A-Levels","Creative Art (Fashion Design, Interior Design etc)","Personal interest & Passion;Academic strength in SPM subjects","Yes","5","pleasee Follow your passion"
"2025/11/17 10:58:48 AM GMT+8","Female","SPM 2021","Kedah","Boarding School (SBP / MRSM etc)","Science (Biology, Chemistry etc)","1 - 2 As (A-, A, A+)","Mathematical Subjects;Science Subjects (Science, Biology, Physics)","Art, Humanities & Social Science Subjects (Art, History, P.Islam/Moral)","Introvert","Helping and communicating with people;Organizing, planning, or managing","Adventurous;Outgoing;Persuasive","2","Matriculation","Health & Medical Sciences (Medicine, Pharmacy, Dentristry etc)","Family expectation;Peers / Friends influence","Yes","1","don’t follow others "
"2025/11/17 11:00:31 AM GMT+8","Female","SPM 2022","Johor","Public School (SMK / SMJKC)","Science (Biology, Chemistry etc)","6 - 8 As (A-, A, A+)","Mathematical Subjects;Science Subjects (Science, Biology, Physics)","Science Subjects (Science, Biology, Physics)","Ambivert","Solving logical or mathematical problems","Observant","3","Foundation","Business & Management (Accounting, Finance, Marketing etc)","Personal interest & Passion;Job opportunities;Salary potential","No","4","think wisely before you take the courses make you sure you can do it and also make sure it van tivr you a job eith a hood salary also hahaha"
"2025/11/17 11:02:29 AM GMT+8","Female","SPM 2023","Selangor","Public School (SMK / SMJKC)","Accountancy & Commerce (Perniagaan, Ekonomi etc);Technical & Vocational (Sains Komputer, Rekacipta, Lukisan Kejuruteraan etc)","6 - 8 As (A-, A, A+)","Language Subjects (B. Melayu, B. Inggeris, B. Arab);Science Subjects (Science, Biology, Physics);Art, Humanities & Social Science Subjects (Art, History, P.Islam/Moral);Accountancy & Commerce Subjects","Mathematical Subjects;Science Subjects (Science, Biology, Physics);Accountancy & Commerce Subjects","Ambivert","Helping and communicating with people;Experimenting and researching;Writing or storytelling","Adventurous;Strategic","5","Foundation","Business & Management (Accounting, Finance, Marketing etc)","Personal interest & Passion;Academic strength in SPM subjects","Yes","4","DONT FOLLOW YOUR FRIENDS!! try to look at what will the future wants (job scope demand)"
"2025/11/17 11:03:20 AM GMT+8","Female","SPM 2021","Sabah","Boarding School (SBP / MRSM etc)","Technical & Vocational (Sains Komputer, Rekacipta, Lukisan Kejuruteraan etc);Islamic Studies","3 - 5 As (A-, A, A+)","Language Subjects (B. Melayu, B. Inggeris, B. Arab);Mathematical Subjects","Science Subjects (Science, Biology, Physics);Art, Humanities & Social Science Subjects (Art, History, P.Islam/Moral)","Extrovert","Solving logical or mathematical problems;Writing or storytelling","Creative;Outgoing;Observant","2","Matriculation","Computer Science, Software & Data (Cybersecurity, Data Analytics etc)","Job opportunities;Family expectation;Peers / Friends influence","Yes","2","don’t choose what you think you won’t like"
"2025/11/17 11:09:54 AM GMT+8","Female","SPM 2022","Selangor","Public School (SMK / SMJKC)","Technical & Vocational (Sains Komputer, Rekacipta, Lukisan Kejuruteraan etc);Sports Science","6 - 8 As (A-, A, A+)","Mathematical Subjects","Language Subjects (B. Melayu, B. Inggeris, B. Arab);Science Subjects (Science, Biology, Physics)","Introvert","Solving logical or mathematical problems;Creating or designing things;Analysing and interpreting data","Creative;Analytical;Observant","2","Foundation","Business & Management (Accounting, Finance, Marketing etc)","Salary potential;Family expectation","No","4","Employability > interest"
"2025/11/17 11:10:31 AM GMT+8","Female","SPM 2021","Selangor","Public School (SMK / SMJKC)","Accountancy & Commerce (Perniagaan, Ekonomi etc)","6 - 8 As (A-, A, A+)","Mathematical Subjects;Science Subjects (Science, Biology, Physics);Art, Humanities & Social Science Subjects (Art, History, P.Islam/Moral)","Accountancy & Commerce Subjects","Ambivert","Solving logical or mathematical problems;Organizing, planning, or managing","Observant;Reserved","3","Diploma","Media & Communication","Personal interest & Passion;Job opportunities;Family expectation","No","4","Identify your strengths and weaknesses first before choosing your path"
"2025/11/17 11:10:56 AM GMT+8","Female","SPM 2022","Sarawak","Boarding School (SBP / MRSM etc)","Arts;Technical & Vocational (Sains Komputer, Rekacipta, Lukisan Kejuruteraan etc)","3 - 5 As (A-, A, A+)","Mathematical Subjects;Art, Humanities & Social Science Subjects (Art, History, P.Islam/Moral)","Language Subjects (B. Melayu, B. Inggeris, B. Arab);Science Subjects (Science, Biology, Physics)","Extrovert","Helping and communicating with people;Organizing, planning, or managing","Adventurous;Outgoing;Persuasive","5","Diploma","Law & Legal Studies","Family expectation","No","1","family expectations may harm you"
"2025/11/17 11:12:18 AM GMT+8","Male","SPM 2021","Selangor","Public School (SMK / SMJKC)","Science (Biology, Chemistry etc)","3 - 5 As (A-, A, A+)","Language Subjects (B. Melayu, B. Inggeris, B. Arab);Science Subjects (Science, Biology, Physics);Art, Humanities & Social Science Subjects (Art, History, P.Islam/Moral)","Mathematical Subjects;Science Subjects (Science, Biology, Physics)","Ambivert","Creating or designing things;Helping and communicating with people;Writing or storytelling","Creative;Observant;Reserved","3","Diploma","Creative Art (Fashion Design, Interior Design etc)","Personal interest & Passion;Academic strength in SPM subjects;Job opportunities","No","4","Choose your course based on your interest and current job market mamas"
"2025/11/17 11:13:27 AM GMT+8","Male","SPM 2020","Kuala Lumpur","Private School","Arts","9+ As (A-, A, A+)","Language Subjects (B. Melayu, B. Inggeris, B. Arab);Art, Humanities & Social Science Subjects (Art, History, P.Islam/Moral)","Mathematical Subjects;Science Subjects (Science, Biology, Physics)","Extrovert","Creating or designing things;Organizing, planning, or managing","Creative;Outgoing;Persuasive","5","A-Levels","Media & Communication","Personal interest & Passion;Academic strength in SPM subjects","Yes","4","ask around for opinions"
"2025/11/17 11:14:35 AM GMT+8","Male","SPM 2022","Selangor","Public School (SMK / SMJKC)","Accountancy & Commerce (Perniagaan, Ekonomi etc)","3 - 5 As (A-, A, A+)","Language Subjects (B. Melayu, B. Inggeris, B. Arab);Art, Humanities & Social Science Subjects (Art, History, P.Islam/Moral)","Technical & Engineering Subjects","Ambivert","Helping and communicating with people;Writing or storytelling","Creative;Adventurous;Resiliant","4","Foundation","Business & Management (Accounting, Finance, Marketing etc)","Personal interest & Passion;Job opportunities;University / Scolarship offer","No","4","Study hard now or regret later"
"2025/11/17 11:17:02 AM GMT+8","Male","SPM 2020","Kuala Lumpur","Boarding School (SBP / MRSM etc)","Arts;Accountancy & Commerce (Perniagaan, Ekonomi etc)","3 - 5 As (A-, A, A+)","Science Subjects (Science, Biology, Physics);Art, Humanities & Social Science Subjects (Art, History, P.Islam/Moral)","Language Subjects (B. Melayu, B. Inggeris, B. Arab);Mathematical Subjects","Introvert","Creating or designing things;Helping and communicating with people","Creative;Persuasive;Observant","2","A-Levels","Media & Communication","Personal interest & Passion;Job opportunities;Peers / Friends influence","Yes","5","take quizzes to know better"
"2025/11/17 11:20:00 AM GMT+8","Male","SPM 2020","Negeri Sembilan","Boarding School (SBP / MRSM etc)","Science (Biology, Chemistry etc)","1 - 2 As (A-, A, A+)","Language Subjects (B. Melayu, B. Inggeris, B. Arab);Art, Humanities & Social Science Subjects (Art, History, P.Islam/Moral)","Mathematical Subjects;Science Subjects (Science, Biology, Physics);Technology & Computing Subjects","Extrovert","Helping and communicating with people;Organizing, planning, or managing","Creative;Adventurous;Compassionate","1","Foundation","Media & Communication","Personal interest & Passion;Family expectation;Peers / Friends influence","No","4","choose your passion"
"2025/11/17 11:21:45 AM GMT+8","Female","SPM 2020","Kuala Lumpur","Boarding School (SBP / MRSM etc)","Accountancy & Commerce (Perniagaan, Ekonomi etc)","6 - 8 As (A-, A, A+)","Mathematical Subjects;Accountancy & Commerce Subjects","Language Subjects (B. Melayu, B. Inggeris, B. Arab);Science Subjects (Science, Biology, Physics);Art, Humanities & Social Science Subjects (Art, History, P.Islam/Moral)","Extrovert","Organizing, planning, or managing;Experimenting and researching","Analytical;Strategic;Observant","4","A-Levels","Law & Legal Studies","Salary potential;Family expectation;Peers / Friends influence","No","2","don’t choose what you’re not passionate in"
"2025/11/17 11:31:23 AM GMT+8","Female","SPM 2021","Negeri Sembilan","Public School (SMK / SMJKC)","Science (Biology, Chemistry etc)","3 - 5 As (A-, A, A+)","Science Subjects (Science, Biology, Physics)","Mathematical Subjects","Ambivert","Helping and communicating with people;Experimenting and researching","Outgoing;Strategic;Compassionate","3","STPM","Computer Science, Software & Data (Cybersecurity, Data Analytics etc)","Personal interest & Passion;Job opportunities;Salary potential","No","4","Just follow yr heart "
"2025/11/17 11:56:47 AM GMT+8","Female","SPM 2020","Kuala Lumpur","Private School","Arts","6 - 8 As (A-, A, A+)","Language Subjects (B. Melayu, B. Inggeris, B. Arab);Art, Humanities & Social Science Subjects (Art, History, P.Islam/Moral)","Mathematical Subjects;Science Subjects (Science, Biology, Physics)","Extrovert","Creating or designing things;Organizing, planning, or managing","Creative;Persuasive;Compassionate","5","Foundation","Creative Art (Fashion Design, Interior Design etc)","Personal interest & Passion;Academic strength in SPM subjects;Peers / Friends influence","Yes","4","Weigh in every option"
"2025/11/17 12:01:25 PM GMT+8","Female","SPM 2021","Johor","Private School","Technical & Vocational (Sains Komputer, Rekacipta, Lukisan Kejuruteraan etc)","3 - 5 As (A-, A, A+)","Mathematical Subjects;Technical & Engineering Subjects","Language Subjects (B. Melayu, B. Inggeris, B. Arab);Art, Humanities & Social Science Subjects (Art, History, P.Islam/Moral)","Introvert","Experimenting and researching;Analysing and interpreting data","Analytical;Observant;Reserved","1","Diploma","Architecture & Built Environment","Family expectation;Peers / Friends influence","No","1","Don’t succumb into your friends’ influence"
"2025/11/17 12:03:07 PM GMT+8","Female","SPM 2021","Selangor","Public School (SMK / SMJKC)","Arts;Accountancy & Commerce (Perniagaan, Ekonomi etc)","3 - 5 As (A-, A, A+)","Mathematical Subjects;Accountancy & Commerce Subjects","Mathematical Subjects;Accountancy & Commerce Subjects","Ambivert","Solving logical or mathematical problems;Writing or storytelling","Outgoing;Analytical;Persuasive","1","Diploma","Business & Management (Accounting, Finance, Marketing etc)","Academic strength in SPM subjects;Job opportunities;University / Scolarship offer","Yes","4","better to plan the future path right now and not “following the flow in life” "
"2025/11/17 12:28:09 PM GMT+8","Female","SPM 2020","Sarawak","Boarding School (SBP / MRSM etc)","Technical & Vocational (Sains Komputer, Rekacipta, Lukisan Kejuruteraan etc)","9+ As (A-, A, A+)","Mathematical Subjects;Technical & Engineering Subjects","Language Subjects (B. Melayu, B. Inggeris, B. Arab);Art, Humanities & Social Science Subjects (Art, History, P.Islam/Moral)","Extrovert","Solving logical or mathematical problems;Analysing and interpreting data","Analytical;Strategic;Observant","1","Foundation","Computer Science, Software & Data (Cybersecurity, Data Analytics etc)","Academic strength in SPM subjects;Job opportunities;Salary potential","Yes","3","Search future job market"
"2025/11/17 12:30:24 PM GMT+8","Female","SPM 2020","Kedah","Boarding School (SBP / MRSM etc)","Arts","9+ As (A-, A, A+)","Science Subjects (Science, Biology, Physics);Art, Humanities & Social Science Subjects (Art, History, P.Islam/Moral)","Language Subjects (B. Melayu, B. Inggeris, B. Arab);Mathematical Subjects","Extrovert","Creating or designing things;Helping and communicating with people","Creative;Persuasive;Observant","5","Foundation","Media & Communication","Personal interest & Passion;Job opportunities;Peers / Friends influence","Yes","4","Make list of pros and cons for each major"
"2025/11/17 12:36:24 PM GMT+8","Male","SPM 2022","Negeri Sembilan","Religous School (Sekolah Agama)","Science (Biology, Chemistry etc);Islamic Studies","6 - 8 As (A-, A, A+)","Language Subjects (B. Melayu, B. Inggeris, B. Arab);Art, Humanities & Social Science Subjects (Art, History, P.Islam/Moral)","Mathematical Subjects;Science Subjects (Science, Biology, Physics)","Introvert","Organizing, planning, or managing;Experimenting and researching","Strategic;Resiliant;Compassionate","2","A-Levels","Engineering (Mechanical, Civil, Electrical etc)","Family expectation;Peers / Friends influence","Yes","2","Do what YOU want to do"
"2025/11/17 12:39:19 PM GMT+8","Male","SPM 2022","Kedah","Boarding School (SBP / MRSM etc)","Technical & Vocational (Sains Komputer, Rekacipta, Lukisan Kejuruteraan etc)","6 - 8 As (A-, A, A+)","Science Subjects (Science, Biology, Physics);Art, Humanities & Social Science Subjects (Art, History, P.Islam/Moral)","Language Subjects (B. Melayu, B. Inggeris, B. Arab);Mathematical Subjects","Ambivert","Solving logical or mathematical problems;Experimenting and researching","Analytical;Strategic;Innovative","2","A-Levels","Engineering (Mechanical, Civil, Electrical etc)","Academic strength in SPM subjects;University / Scolarship offer;Family expectation","Yes","1","Doing majors for the sake of your family's expectation won't do you any good"
"2025/11/17 12:41:33 PM GMT+8","Female","SPM 2023","Melaka","Public School (SMK / SMJKC)","Technical & Vocational (Sains Komputer, Rekacipta, Lukisan Kejuruteraan etc)","3 - 5 As (A-, A, A+)","Language Subjects (B. Melayu, B. Inggeris, B. Arab);Mathematical Subjects","Technical & Engineering Subjects;Art, Humanities & Social Science Subjects (Art, History, P.Islam/Moral)","Extrovert","Solving logical or mathematical problems;Writing or storytelling","Strategic;Persuasive;Observant","4","Matriculation","Engineering (Mechanical, Civil, Electrical etc)","Academic strength in SPM subjects;Family expectation;Peers / Friends influence","Yes","1","Dont choose for others' appoval"
"2025/11/17 12:54:27 PM GMT+8","Female","SPM 2021","Negeri Sembilan","Boarding School (SBP / MRSM etc)","Accountancy & Commerce (Perniagaan, Ekonomi etc)","6 - 8 As (A-, A, A+)","Mathematical Subjects;Science Subjects (Science, Biology, Physics)","Language Subjects (B. Melayu, B. Inggeris, B. Arab);Art, Humanities & Social Science Subjects (Art, History, P.Islam/Moral)","Extrovert","Experimenting and researching;Analysing and interpreting data","Outgoing;Analytical;Compassionate","5","A-Levels","Business & Management (Accounting, Finance, Marketing etc)","Personal interest & Passion;Academic strength in SPM subjects;Job opportunities","Yes","4","Choose wisely"
"2025/11/17 12:57:19 PM GMT+8","Male","SPM 2021","Selangor","Public School (SMK / SMJKC)","Accountancy & Commerce (Perniagaan, Ekonomi etc)","1 - 2 As (A-, A, A+)","Language Subjects (B. Melayu, B. Inggeris, B. Arab)","Accountancy & Commerce Subjects","Extrovert","Solving logical or mathematical problems;Creating or designing things;Helping and communicating with people","Creative;Outgoing;Persuasive","2","Diploma","Business & Management (Accounting, Finance, Marketing etc)","Family expectation","Yes","2","choose wisely"
"2025/11/17 1:01:23 PM GMT+8","Female","SPM 2020","Sabah","Public School (SMK / SMJKC)","Arts;Sports Science","1 - 2 As (A-, A, A+)","Language Subjects (B. Melayu, B. Inggeris, B. Arab);Art, Humanities & Social Science Subjects (Art, History, P.Islam/Moral)","Mathematical Subjects;Science Subjects (Science, Biology, Physics)","Introvert","Organizing, planning, or managing;Experimenting and researching","Persuasive;Observant;Resiliant","1","Diploma","Architecture & Built Environment","Personal interest & Passion;Job opportunities;Salary potential","Yes","4","Choose what you want"
"2025/11/17 1:08:25 PM GMT+8","Female","SPM 2020","Johor","Public School (SMK / SMJKC)","Science (Biology, Chemistry etc)","3 - 5 As (A-, A, A+)","Mathematical Subjects","Mathematical Subjects;Science Subjects (Science, Biology, Physics)","Ambivert","Solving logical or mathematical problems;Helping and communicating with people","Adventurous;Outgoing","3","Matriculation","Health & Medical Sciences (Medicine, Pharmacy, Dentristry etc)","Job opportunities","Yes","4","Theres so many available majors available, look it up and think wisely dont go following others! you have to enjoy doing what you do"
"2025/11/17 1:13:25 PM GMT+8","Female","SPM 2019 or earlier","Selangor","Religous School (Sekolah Agama)","Science (Biology, Chemistry etc);Islamic Studies","9+ As (A-, A, A+)","Language Subjects (B. Melayu, B. Inggeris, B. Arab);Mathematical Subjects;Science Subjects (Science, Biology, Physics)","Science Subjects (Science, Biology, Physics)","Introvert","Solving logical or mathematical problems;Organizing, planning, or managing","Outgoing;Strategic;Compassionate","3","Diploma","Health & Medical Sciences (Medicine, Pharmacy, Dentristry etc)","Personal interest & Passion;University / Scolarship offer","Yes","4","Do a thorough readings on your courses options and manage your expectations from there"
"2025/11/17 1:18:06 PM GMT+8","Female","SPM 2019 or earlier","Melaka","Public School (SMK / SMJKC)","Science (Biology, Chemistry etc)","3 - 5 As (A-, A, A+)","Science Subjects (Science, Biology, Physics)","Mathematical Subjects","Ambivert","Organizing, planning, or managing;Experimenting and researching","Creative;Strategic;Observant","3","Matriculation","Health & Medical Sciences (Medicine, Pharmacy, Dentristry etc)","Family expectation","Yes","2","select a field of study that genuinely aligns with your own interests and strengths. avoid choosing a major solely to satisfy the expectations of others."
"2025/11/17 1:22:52 PM GMT+8","Male","SPM 2022","Melaka","Boarding School (SBP / MRSM etc)","Science (Biology, Chemistry etc)","6 - 8 As (A-, A, A+)","Mathematical Subjects;Science Subjects (Science, Biology, Physics)","Language Subjects (B. Melayu, B. Inggeris, B. Arab);Art, Humanities & Social Science Subjects (Art, History, P.Islam/Moral)","Extrovert","Helping and communicating with people;Experimenting and researching","Analytical;Observant;Innovative","4","Diploma","Engineering (Mechanical, Civil, Electrical etc)","Personal interest & Passion;Academic strength in SPM subjects;Family expectation","Yes","2","Dont choose just to meet expectations"
"2025/11/17 1:23:26 PM GMT+8","Male","SPM 2021","Sabah","Public School (SMK / SMJKC)","Science (Biology, Chemistry etc)","3 - 5 As (A-, A, A+)","Language Subjects (B. Melayu, B. Inggeris, B. Arab);Mathematical Subjects;Science Subjects (Science, Biology, Physics)","Mathematical Subjects;Science Subjects (Science, Biology, Physics);Technology & Computing Subjects","Introvert","Solving logical or mathematical problems;Organizing, planning, or managing;Experimenting and researching","Creative;Adventurous;Analytical","2","Diploma","Engineering (Mechanical, Civil, Electrical etc)","Personal interest & Passion;Academic strength in SPM subjects;Job opportunities","Yes","2","choose based on your interest"
"2025/11/17 1:31:40 PM GMT+8","Female","SPM 2021","Sarawak","Public School (SMK / SMJKC)","Arts","9+ As (A-, A, A+)","Language Subjects (B. Melayu, B. Inggeris, B. Arab);Art, Humanities & Social Science Subjects (Art, History, P.Islam/Moral)","Mathematical Subjects;Science Subjects (Science, Biology, Physics)","Extrovert","Creating or designing things;Organizing, planning, or managing","Creative;Observant;Innovative","5","Diploma","Media & Communication","Personal interest & Passion;Academic strength in SPM subjects;Job opportunities","No","4","Choose wisely so your college days are fun! ;)"
"2025/11/17 2:14:26 PM GMT+8","Male","SPM 2020","Selangor","Public School (SMK / SMJKC)","Accountancy & Commerce (Perniagaan, Ekonomi etc)","3 - 5 As (A-, A, A+)","Language Subjects (B. Melayu, B. Inggeris, B. Arab);Mathematical Subjects","Science Subjects (Science, Biology, Physics)","Extrovert","Organizing, planning, or managing","Adventurous;Outgoing;Analytical;Strategic;Resiliant;Innovative","2","Diploma","Business & Management (Accounting, Finance, Marketing etc)","Job opportunities","No","3","choose wisely"
"2025/11/17 2:22:47 PM GMT+8","Female","SPM 2020","Selangor","Public School (SMK / SMJKC)","Technical & Vocational (Sains Komputer, Rekacipta, Lukisan Kejuruteraan etc)","6 - 8 As (A-, A, A+)","Technology & Computing Subjects","Mathematical Subjects","Ambivert","Creating or designing things;Analysing and interpreting data","Outgoing;Analytical;Strategic;Observant;Resiliant","3","Diploma","Computer Science, Software & Data (Cybersecurity, Data Analytics etc)","Personal interest & Passion;Job opportunities;Salary potential","Yes","4","I hope they can choose what makes them feel kinda excited to learn and what they really interested in."
"2025/11/17 2:24:24 PM GMT+8","Male","SPM 2020","Selangor","Public School (SMK / SMJKC)","Accountancy & Commerce (Perniagaan, Ekonomi etc)","1 - 2 As (A-, A, A+)","Language Subjects (B. Melayu, B. Inggeris, B. Arab);Science Subjects (Science, Biology, Physics);Art, Humanities & Social Science Subjects (Art, History, P.Islam/Moral)","Mathematical Subjects;Science Subjects (Science, Biology, Physics);Accountancy & Commerce Subjects","Ambivert","Solving logical or mathematical problems;Helping and communicating with people","Observant;Resiliant;Compassionate","3","Diploma","Engineering (Mechanical, Civil, Electrical etc)","Job opportunities;Salary potential;Family expectation","No","4","tidak semestinya kita masuk universiti kita akan dapat jurusan yang berkait dengan jurusan di sekolah menengah.cuba lah untuk belajar benda baru supaya jurusan kita dapat bersesuaian pada market pekerjaan sekarang "
"2025/11/17 2:36:50 PM GMT+8","Female","SPM 2020","Kuala Lumpur","Private School","Arts","3 - 5 As (A-, A, A+)","Mathematical Subjects;Art, Humanities & Social Science Subjects (Art, History, P.Islam/Moral)","Language Subjects (B. Melayu, B. Inggeris, B. Arab);Science Subjects (Science, Biology, Physics)","Introvert","Solving logical or mathematical problems;Helping and communicating with people","Analytical;Strategic;Reserved","1","Diploma","Architecture & Built Environment","Personal interest & Passion;Job opportunities;Peers / Friends influence","No","4","Choose the one you really want"
"2025/11/17 2:37:15 PM GMT+8","Female","SPM 2020","Selangor","Public School (SMK / SMJKC)","Science (Biology, Chemistry etc)","6 - 8 As (A-, A, A+)","Mathematical Subjects;Science Subjects (Science, Biology, Physics)","Science Subjects (Science, Biology, Physics)","Introvert","Solving logical or mathematical problems;Experimenting and researching;Analysing and interpreting data","Analytical;Persuasive;Observant","4","Diploma","Business & Management (Accounting, Finance, Marketing etc)","Job opportunities;University / Scolarship offer;Salary potential","No","3","Choose wisely "
"2025/11/17 2:38:37 PM GMT+8","Male","SPM 2020","Negeri Sembilan","Boarding School (SBP / MRSM etc)","Accountancy & Commerce (Perniagaan, Ekonomi etc);Technical & Vocational (Sains Komputer, Rekacipta, Lukisan Kejuruteraan etc)","9+ As (A-, A, A+)","Mathematical Subjects;Technical & Engineering Subjects;Art, Humanities & Social Science Subjects (Art, History, P.Islam/Moral)","Language Subjects (B. Melayu, B. Inggeris, B. Arab);Science Subjects (Science, Biology, Physics)","Extrovert","Helping and communicating with people;Experimenting and researching;Analysing and interpreting data","Analytical;Strategic;Compassionate","4","STPM","Science & Mathematics (Biology, Chemistry, Mathematics etc)","Personal interest & Passion;Academic strength in SPM subjects","Yes","5","don’t let what others say influence your choice"
"2025/11/17 2:40:32 PM GMT+8","Female","SPM 2021","Pahang","Religous School (Sekolah Agama)","Arts;Islamic Studies","6 - 8 As (A-, A, A+)","Science Subjects (Science, Biology, Physics);Art, Humanities & Social Science Subjects (Art, History, P.Islam/Moral)","Mathematical Subjects","Introvert","Experimenting and researching;Writing or storytelling","Adventurous;Outgoing;Compassionate","2","Diploma","Architecture & Built Environment","Personal interest & Passion;Academic strength in SPM subjects;Peers / Friends influence","Yes","4","think deep and hard what you’d like to do for the next 40 years of your life"
"2025/11/17 2:42:30 PM GMT+8","Female","SPM 2022","Sabah","Boarding School (SBP / MRSM etc)","Technical & Vocational (Sains Komputer, Rekacipta, Lukisan Kejuruteraan etc)","3 - 5 As (A-, A, A+)","Language Subjects (B. Melayu, B. Inggeris, B. Arab);Science Subjects (Science, Biology, Physics);Art, Humanities & Social Science Subjects (Art, History, P.Islam/Moral)","Mathematical Subjects;Technology & Computing Subjects;Technical & Engineering Subjects","Extrovert","Creating or designing things;Helping and communicating with people","Outgoing;Strategic;Persuasive","5","Matriculation","Engineering (Mechanical, Civil, Electrical etc)","Academic strength in SPM subjects;Family expectation;Peers / Friends influence","Yes","2","Weigh both interests and strength, not either"
"2025/11/17 2:44:26 PM GMT+8","Male","SPM 2020","Pahang","Public School (SMK / SMJKC)","Accountancy & Commerce (Perniagaan, Ekonomi etc)","6 - 8 As (A-, A, A+)","Language Subjects (B. Melayu, B. Inggeris, B. Arab);Mathematical Subjects","Science Subjects (Science, Biology, Physics);Accountancy & Commerce Subjects","Ambivert","Solving logical or mathematical problems;Writing or storytelling","Analytical;Observant;Resiliant","5","A-Levels","Business & Management (Accounting, Finance, Marketing etc)","Academic strength in SPM subjects;Job opportunities;Family expectation","Yes","3","your choice matter so do research"
"2025/11/17 2:46:02 PM GMT+8","Female","SPM 2022","Kuala Lumpur","Private School","Accountancy & Commerce (Perniagaan, Ekonomi etc);Islamic Studies","9+ As (A-, A, A+)","Language Subjects (B. Melayu, B. Inggeris, B. Arab);Mathematical Subjects;Art, Humanities & Social Science Subjects (Art, History, P.Islam/Moral)","Science Subjects (Science, Biology, Physics)","Introvert","Solving logical or mathematical problems;Writing or storytelling","Analytical;Compassionate;Innovative","1","Foundation","Business & Management (Accounting, Finance, Marketing etc)","Job opportunities;Salary potential;Family expectation","Yes","4","choose wisely"
"2025/11/17 3:21:01 PM GMT+8","Male","SPM 2022","Perlis","Public School (SMK / SMJKC)","Arts;Sports Science","3 - 5 As (A-, A, A+)","Language Subjects (B. Melayu, B. Inggeris, B. Arab);Art, Humanities & Social Science Subjects (Art, History, P.Islam/Moral)","Mathematical Subjects;Science Subjects (Science, Biology, Physics)","Extrovert","Helping and communicating with people;Organizing, planning, or managing","Outgoing;Persuasive;Compassionate","4","Foundation","Business & Management (Accounting, Finance, Marketing etc)","Personal interest & Passion;Salary potential;Family expectation","No","5","follow your passion!"
"2025/11/17 3:30:19 PM GMT+8","Female","SPM 2020","Kuala Lumpur","Private School","Science (Biology, Chemistry etc);Accountancy & Commerce (Perniagaan, Ekonomi etc)","3 - 5 As (A-, A, A+)","Language Subjects (B. Melayu, B. Inggeris, B. Arab);Mathematical Subjects;Science Subjects (Science, Biology, Physics)","Art, Humanities & Social Science Subjects (Art, History, P.Islam/Moral);Accountancy & Commerce Subjects","Introvert","Solving logical or mathematical problems;Experimenting and researching","Analytical;Observant;Compassionate","5","A-Levels","Science & Mathematics (Biology, Chemistry, Mathematics etc)","Personal interest & Passion;Academic strength in SPM subjects;Family expectation","Yes","4","choose your passion"
"2025/11/17 5:08:52 PM GMT+8","Female","SPM 2019 or earlier","Selangor","Public School (SMK / SMJKC)","Science (Biology, Chemistry etc)","3 - 5 As (A-, A, A+)","Mathematical Subjects","Science Subjects (Science, Biology, Physics)","Ambivert","Solving logical or mathematical problems","Creative;Adventurous;Analytical;Observant","3","Diploma","Health & Medical Sciences (Medicine, Pharmacy, Dentristry etc)","Job opportunities","Yes","3","choose things u know u can do"
"2025/11/17 6:33:49 PM GMT+8","Female","SPM 2022","Melaka","Boarding School (SBP / MRSM etc)","Accountancy & Commerce (Perniagaan, Ekonomi etc)","3 - 5 As (A-, A, A+)","Accountancy & Commerce Subjects","Mathematical Subjects","Ambivert","Helping and communicating with people;Organizing, planning, or managing;Experimenting and researching","Creative;Observant;Reserved","1","Foundation","Humanities & Social Sciences (Philosophy, Language etc)","Personal interest & Passion;Academic strength in SPM subjects","No","3","study bro"
"2025/11/17 8:24:53 PM GMT+8","Female","SPM 2019 or earlier","Selangor","Religous School (Sekolah Agama)","Science (Biology, Chemistry etc);Arts;Islamic Studies","6 - 8 As (A-, A, A+)","Language Subjects (B. Melayu, B. Inggeris, B. Arab);Science Subjects (Science, Biology, Physics);Art, Humanities & Social Science Subjects (Art, History, P.Islam/Moral)","Mathematical Subjects","Extrovert","Creating or designing things;Helping and communicating with people;Organizing, planning, or managing;Writing or storytelling","Creative;Outgoing;Persuasive;Compassionate","4","Matriculation","Health & Medical Sciences (Medicine, Pharmacy, Dentristry etc)","Personal interest & Passion;Academic strength in SPM subjects;Job opportunities;Family expectation","Yes","5","Choose what you passion with was truly important. And once you choose the major, do it with full of effort. Every major will give different challenges, none consider as ""this is more easier than this"". May whatever you choose will lead you to the best path!"
"2025/11/17 11:24:13 PM GMT+8","Female","SPM 2021","Pahang","Public School (SMK / SMJKC)","Arts;Sports Science","1 - 2 As (A-, A, A+)","Language Subjects (B. Melayu, B. Inggeris, B. Arab);Art, Humanities & Social Science Subjects (Art, History, P.Islam/Moral)","Mathematical Subjects;Science Subjects (Science, Biology, Physics)","Extrovert","Helping and communicating with people;Organizing, planning, or managing","Adventurous;Outgoing;Persuasive","2","Diploma","Creative Art (Fashion Design, Interior Design etc)","Academic strength in SPM subjects;Family expectation;Peers / Friends influence","Yes","2","your choice shouldn’t be influenced by others"
"2025/11/17 11:26:29 PM GMT+8","Male","SPM 2020","Kedah","Boarding School (SBP / MRSM etc)","Accountancy & Commerce (Perniagaan, Ekonomi etc);Technical & Vocational (Sains Komputer, Rekacipta, Lukisan Kejuruteraan etc)","6 - 8 As (A-, A, A+)","Mathematical Subjects;Technology & Computing Subjects;Accountancy & Commerce Subjects","Language Subjects (B. Melayu, B. Inggeris, B. Arab);Science Subjects (Science, Biology, Physics);Art, Humanities & Social Science Subjects (Art, History, P.Islam/Moral)","Introvert","Solving logical or mathematical problems;Analysing and interpreting data","Analytical;Strategic;Observant","5","A-Levels","Business & Management (Accounting, Finance, Marketing etc)","Personal interest & Passion;Academic strength in SPM subjects;Job opportunities","Yes","5","Think wisely of how you want your journey to be"
"2025/11/17 11:33:31 PM GMT+8","Male","SPM 2019 or earlier","Sabah","Public School (SMK / SMJKC)","Arts;Sports Science","3 - 5 As (A-, A, A+)","Language Subjects (B. Melayu, B. Inggeris, B. Arab);Art, Humanities & Social Science Subjects (Art, History, P.Islam/Moral)","Mathematical Subjects;Science Subjects (Science, Biology, Physics)","Introvert","Organizing, planning, or managing;Writing or storytelling","Resiliant;Compassionate;Reserved","2","Matriculation","Computer Science, Software & Data (Cybersecurity, Data Analytics etc)","Job opportunities;Salary potential;Family expectation","No","5","spm subjects don’t matter as long as you know what you’re passionate in"
"2025/11/17 11:35:28 PM GMT+8","Male","SPM 2019 or earlier","Sabah","Boarding School (SBP / MRSM etc)","Technical & Vocational (Sains Komputer, Rekacipta, Lukisan Kejuruteraan etc)","9+ As (A-, A, A+)","Technology & Computing Subjects;Technical & Engineering Subjects","Language Subjects (B. Melayu, B. Inggeris, B. Arab);Art, Humanities & Social Science Subjects (Art, History, P.Islam/Moral)","Introvert","Solving logical or mathematical problems;Analysing and interpreting data","Analytical;Strategic;Observant;Reserved","2","Matriculation","Computer Science, Software & Data (Cybersecurity, Data Analytics etc)","Personal interest & Passion;Academic strength in SPM subjects;Job opportunities;Salary potential","Yes","5","research is so important before making this choice"
"2025/11/17 11:37:26 PM GMT+8","Male","SPM 2019 or earlier","Sarawak","Boarding School (SBP / MRSM etc)","Technical & Vocational (Sains Komputer, Rekacipta, Lukisan Kejuruteraan etc);Sports Science","9+ As (A-, A, A+)","Technology & Computing Subjects;Technical & Engineering Subjects","Language Subjects (B. Melayu, B. Inggeris, B. Arab);Art, Humanities & Social Science Subjects (Art, History, P.Islam/Moral)","Introvert","Experimenting and researching;Analysing and interpreting data","Observant;Innovative;Reserved","4","Matriculation","Engineering (Mechanical, Civil, Electrical etc)","Personal interest & Passion;Academic strength in SPM subjects;Family expectation","Yes","2","Just because you studied it for spm, doesn’t mean you have to choose it for your major"
"2025/11/17 11:40:15 PM GMT+8","Male","SPM 2019 or earlier","Kuala Lumpur","Public School (SMK / SMJKC)","Arts;Technical & Vocational (Sains Komputer, Rekacipta, Lukisan Kejuruteraan etc)","9+ As (A-, A, A+)","Technical & Engineering Subjects;Art, Humanities & Social Science Subjects (Art, History, P.Islam/Moral)","Language Subjects (B. Melayu, B. Inggeris, B. Arab);Mathematical Subjects","Introvert","Solving logical or mathematical problems;Creating or designing things","Observant;Innovative;Reserved","4","Matriculation","Engineering (Mechanical, Civil, Electrical etc)","Personal interest & Passion;Academic strength in SPM subjects;Family expectation","Yes","5","your opinion matters so much more than others’"
"2025/11/17 11:42:41 PM GMT+8","Male","SPM 2019 or earlier","Sabah","Boarding School (SBP / MRSM etc)","Arts;Technical & Vocational (Sains Komputer, Rekacipta, Lukisan Kejuruteraan etc)","9+ As (A-, A, A+)","Technical & Engineering Subjects;Art, Humanities & Social Science Subjects (Art, History, P.Islam/Moral)","Language Subjects (B. Melayu, B. Inggeris, B. Arab);Science Subjects (Science, Biology, Physics)","Introvert","Creating or designing things;Organizing, planning, or managing","Creative;Strategic;Innovative","1","Diploma","Architecture & Built Environment","Personal interest & Passion;Academic strength in SPM subjects;Family expectation","Yes","5","Ask around for different views in choices"
"2025/11/17 11:44:37 PM GMT+8","Male","SPM 2019 or earlier","Kuala Lumpur","Boarding School (SBP / MRSM etc)","Arts;Technical & Vocational (Sains Komputer, Rekacipta, Lukisan Kejuruteraan etc)","1 - 2 As (A-, A, A+)","Language Subjects (B. Melayu, B. Inggeris, B. Arab);Art, Humanities & Social Science Subjects (Art, History, P.Islam/Moral)","Mathematical Subjects;Technical & Engineering Subjects","Introvert","Creating or designing things;Organizing, planning, or managing","Observant;Resiliant;Innovative","1","Diploma","Architecture & Built Environment","Academic strength in SPM subjects;Family expectation;Peers / Friends influence","Yes","1","Ask your seniors that are taking/have taken the major for their experiences "
"2025/11/17 11:46:59 PM GMT+8","Female","SPM 2019 or earlier","Kuala Lumpur","Private School","Arts;Technical & Vocational (Sains Komputer, Rekacipta, Lukisan Kejuruteraan etc)","3 - 5 As (A-, A, A+)","Language Subjects (B. Melayu, B. Inggeris, B. Arab);Technical & Engineering Subjects;Art, Humanities & Social Science Subjects (Art, History, P.Islam/Moral)","Mathematical Subjects;Science Subjects (Science, Biology, Physics)","Introvert","Organizing, planning, or managing;Experimenting and researching","Creative;Persuasive;Resiliant","1","Matriculation","Architecture & Built Environment","Academic strength in SPM subjects;Family expectation;Peers / Friends influence","Yes","1","ask people in your profession of interest"
"2025/11/18 12:34:51 AM GMT+8","Male","SPM 2019 or earlier","Perlis","Religous School (Sekolah Agama)","Science (Biology, Chemistry etc);Islamic Studies","3 - 5 As (A-, A, A+)","Language Subjects (B. Melayu, B. Inggeris, B. Arab);Science Subjects (Science, Biology, Physics);Art, Humanities & Social Science Subjects (Art, History, P.Islam/Moral)","Mathematical Subjects","Introvert","Solving logical or mathematical problems;Experimenting and researching","Strategic;Persuasive;Resiliant","2","STPM","Science & Mathematics (Biology, Chemistry, Mathematics etc)","Job opportunities;Family expectation;Peers / Friends influence","Yes","1","don’t choose solely based on spm subjects"
"2025/11/18 12:37:10 AM GMT+8","Male","SPM 2019 or earlier","Kuala Lumpur","Private School","Arts;Technical & Vocational (Sains Komputer, Rekacipta, Lukisan Kejuruteraan etc)","6 - 8 As (A-, A, A+)","Language Subjects (B. Melayu, B. Inggeris, B. Arab);Art, Humanities & Social Science Subjects (Art, History, P.Islam/Moral)","Mathematical Subjects;Science Subjects (Science, Biology, Physics)","Introvert","Creating or designing things;Helping and communicating with people","Creative;Adventurous;Persuasive","2","Diploma","Architecture & Built Environment","Job opportunities;Salary potential;Peers / Friends influence","Yes","1","Ask around for different stories and experiences "
"2025/11/18 12:41:33 AM GMT+8","Male","SPM 2019 or earlier","Sabah","Boarding School (SBP / MRSM etc)","Technical & Vocational (Sains Komputer, Rekacipta, Lukisan Kejuruteraan etc)","3 - 5 As (A-, A, A+)","Technical & Engineering Subjects;Art, Humanities & Social Science Subjects (Art, History, P.Islam/Moral)","Language Subjects (B. Melayu, B. Inggeris, B. Arab);Mathematical Subjects","Introvert","Creating or designing things;Organizing, planning, or managing","Strategic;Persuasive;Observant","2","A-Levels","Architecture & Built Environment","Personal interest & Passion;Academic strength in SPM subjects","Yes","5","do research !!!"
"2025/11/18 12:44:23 AM GMT+8","Male","SPM 2020","Kuala Lumpur","Private School","Arts;Technical & Vocational (Sains Komputer, Rekacipta, Lukisan Kejuruteraan etc)","3 - 5 As (A-, A, A+)","Language Subjects (B. Melayu, B. Inggeris, B. Arab);Mathematical Subjects","Technical & Engineering Subjects;Art, Humanities & Social Science Subjects (Art, History, P.Islam/Moral)","Introvert","Solving logical or mathematical problems;Writing or storytelling","Adventurous;Analytical;Compassionate","1","A-Levels","Architecture & Built Environment","Job opportunities;Family expectation;Peers / Friends influence","Yes","1","look on different websites for different experiences "
"2025/11/18 12:50:10 AM GMT+8","Male","SPM 2019 or earlier","Sabah","Boarding School (SBP / MRSM etc)","Technical & Vocational (Sains Komputer, Rekacipta, Lukisan Kejuruteraan etc);Islamic Studies","3 - 5 As (A-, A, A+)","Mathematical Subjects;Technical & Engineering Subjects","Language Subjects (B. Melayu, B. Inggeris, B. Arab);Art, Humanities & Social Science Subjects (Art, History, P.Islam/Moral)","Introvert","Experimenting and researching;Analysing and interpreting data","Analytical;Persuasive;Resiliant","1","Matriculation","Engineering (Mechanical, Civil, Electrical etc)","Academic strength in SPM subjects;Family expectation;Peers / Friends influence","Yes","1","Find different choices"
"2025/11/18 12:52:58 AM GMT+8","Male","SPM 2020","Sarawak","Boarding School (SBP / MRSM etc)","Accountancy & Commerce (Perniagaan, Ekonomi etc);Technical & Vocational (Sains Komputer, Rekacipta, Lukisan Kejuruteraan etc)","9+ As (A-, A, A+)","Science Subjects (Science, Biology, Physics);Technology & Computing Subjects;Accountancy & Commerce Subjects","Language Subjects (B. Melayu, B. Inggeris, B. Arab);Mathematical Subjects","Introvert","Organizing, planning, or managing;Experimenting and researching","Strategic;Persuasive;Observant","2","Diploma","Media & Communication","Personal interest & Passion;Job opportunities;Salary potential","No","5","Make your choice wisely"
"2025/11/18 12:55:03 AM GMT+8","Female","SPM 2020","Pulau Pinang","Private School","Arts;Sports Science","6 - 8 As (A-, A, A+)","Mathematical Subjects;Art, Humanities & Social Science Subjects (Art, History, P.Islam/Moral)","Language Subjects (B. Melayu, B. Inggeris, B. Arab);Science Subjects (Science, Biology, Physics)","Introvert","Solving logical or mathematical problems;Writing or storytelling","Strategic;Observant;Resiliant","2","A-Levels","Law & Legal Studies","Family expectation","No","1","Choosing solely based on family’s expectations can turn out very badly"
"2025/11/18 12:59:31 AM GMT+8","Female","SPM 2021","Pahang","Boarding School (SBP / MRSM etc)","Accountancy & Commerce (Perniagaan, Ekonomi etc);Technical & Vocational (Sains Komputer, Rekacipta, Lukisan Kejuruteraan etc)","9+ As (A-, A, A+)","Mathematical Subjects;Art, Humanities & Social Science Subjects (Art, History, P.Islam/Moral);Accountancy & Commerce Subjects","Language Subjects (B. Melayu, B. Inggeris, B. Arab);Science Subjects (Science, Biology, Physics)","Introvert","Experimenting and researching;Analysing and interpreting data","Analytical;Strategic;Observant","5","Foundation","Business & Management (Accounting, Finance, Marketing etc)","Academic strength in SPM subjects;Job opportunities;University / Scolarship offer","Yes","4","Take your time choosing"
"2025/11/18 1:01:24 AM GMT+8","Female","SPM 2021","Johor","Boarding School (SBP / MRSM etc)","Arts;Technical & Vocational (Sains Komputer, Rekacipta, Lukisan Kejuruteraan etc)","6 - 8 As (A-, A, A+)","Language Subjects (B. Melayu, B. Inggeris, B. Arab);Science Subjects (Science, Biology, Physics);Art, Humanities & Social Science Subjects (Art, History, P.Islam/Moral)","Mathematical Subjects;Technology & Computing Subjects","Extrovert","Creating or designing things;Organizing, planning, or managing","Creative;Outgoing;Persuasive","5","Foundation","Media & Communication","Personal interest & Passion;Job opportunities","Yes","5","Imagine your life in 20 years and choose based on that"
"2025/11/18 1:03:33 AM GMT+8","Male","SPM 2021","Kuala Lumpur","Private School","Arts;Accountancy & Commerce (Perniagaan, Ekonomi etc)","9+ As (A-, A, A+)","Language Subjects (B. Melayu, B. Inggeris, B. Arab);Art, Humanities & Social Science Subjects (Art, History, P.Islam/Moral)","Mathematical Subjects;Science Subjects (Science, Biology, Physics)","Extrovert","Creating or designing things;Helping and communicating with people;Organizing, planning, or managing","Creative;Adventurous;Outgoing","5","Foundation","Media & Communication","Personal interest & Passion;Academic strength in SPM subjects;Job opportunities","Yes","5","Pick wiselyy"
"2025/11/18 1:08:24 AM GMT+8","Female","SPM 2021","Kedah","Boarding School (SBP / MRSM etc)","Accountancy & Commerce (Perniagaan, Ekonomi etc);Technical & Vocational (Sains Komputer, Rekacipta, Lukisan Kejuruteraan etc)","1 - 2 As (A-, A, A+)","Language Subjects (B. Melayu, B. Inggeris, B. Arab);Mathematical Subjects","Science Subjects (Science, Biology, Physics);Art, Humanities & Social Science Subjects (Art, History, P.Islam/Moral)","Introvert","Helping and communicating with people;Organizing, planning, or managing","Strategic;Observant;Innovative","2","Matriculation","Science & Mathematics (Biology, Chemistry, Mathematics etc)","Personal interest & Passion;Academic strength in SPM subjects;Family expectation","Yes","5","Choose wisely "
"2025/11/18 1:11:28 AM GMT+8","Male","SPM 2022","Negeri Sembilan","Public School (SMK / SMJKC)","Arts;Sports Science","1 - 2 As (A-, A, A+)","Language Subjects (B. Melayu, B. Inggeris, B. Arab);Art, Humanities & Social Science Subjects (Art, History, P.Islam/Moral)","Mathematical Subjects;Science Subjects (Science, Biology, Physics)","Extrovert","Helping and communicating with people;Organizing, planning, or managing","Outgoing;Persuasive;Compassionate","4","Matriculation","Business & Management (Accounting, Finance, Marketing etc)","Academic strength in SPM subjects;Job opportunities;Peers / Friends influence","No","2","Take as much time choosing "
"2025/11/18 1:17:35 AM GMT+8","Male","SPM 2019 or earlier","Perlis","Religous School (Sekolah Agama)","Science (Biology, Chemistry etc);Islamic Studies","6 - 8 As (A-, A, A+)","Mathematical Subjects;Science Subjects (Science, Biology, Physics);Art, Humanities & Social Science Subjects (Art, History, P.Islam/Moral)","Language Subjects (B. Melayu, B. Inggeris, B. Arab)","Introvert","Organizing, planning, or managing;Experimenting and researching","Strategic;Observant;Innovative","2","STPM","Science & Mathematics (Biology, Chemistry, Mathematics etc)","Personal interest & Passion;Academic strength in SPM subjects;Family expectation","Yes","2","find your passion"
"2025/11/18 1:20:57 AM GMT+8","Male","SPM 2020","Kuala Lumpur","Private School","Technical & Vocational (Sains Komputer, Rekacipta, Lukisan Kejuruteraan etc)","3 - 5 As (A-, A, A+)","Mathematical Subjects;Technical & Engineering Subjects","Language Subjects (B. Melayu, B. Inggeris, B. Arab);Art, Humanities & Social Science Subjects (Art, History, P.Islam/Moral)","Introvert","Experimenting and researching;Writing or storytelling","Analytical;Persuasive;Innovative","4","Foundation","Business & Management (Accounting, Finance, Marketing etc)","Academic strength in SPM subjects;University / Scolarship offer;Family expectation","No","4","Choose your passion "
"2025/11/18 1:24:57 AM GMT+8","Female","SPM 2021","Pahang","Private School","Arts;Technical & Vocational (Sains Komputer, Rekacipta, Lukisan Kejuruteraan etc)","9+ As (A-, A, A+)","Mathematical Subjects;Technical & Engineering Subjects;Art, Humanities & Social Science Subjects (Art, History, P.Islam/Moral)","Language Subjects (B. Melayu, B. Inggeris, B. Arab);Science Subjects (Science, Biology, Physics)","Introvert","Solving logical or mathematical problems;Creating or designing things;Helping and communicating with people","Strategic;Observant;Innovative","5","Diploma","Architecture & Built Environment","Personal interest & Passion;Academic strength in SPM subjects;Peers / Friends influence","Yes","5","Find what you’re interested in and explore first"
"2025/11/18 1:29:34 AM GMT+8","Female","SPM 2020","Sarawak","Public School (SMK / SMJKC)","Accountancy & Commerce (Perniagaan, Ekonomi etc)","6 - 8 As (A-, A, A+)","Mathematical Subjects;Accountancy & Commerce Subjects","Language Subjects (B. Melayu, B. Inggeris, B. Arab);Science Subjects (Science, Biology, Physics)","Introvert","Solving logical or mathematical problems;Analysing and interpreting data","Analytical;Observant;Resiliant","2","Foundation","Business & Management (Accounting, Finance, Marketing etc)","Personal interest & Passion;Job opportunities;Peers / Friends influence","Yes","4","Ask everyone for different opinions "
"2025/11/18 1:32:46 AM GMT+8","Female","SPM 2021","Melaka","Public School (SMK / SMJKC)","Arts","3 - 5 As (A-, A, A+)","Mathematical Subjects;Science Subjects (Science, Biology, Physics)","Language Subjects (B. Melayu, B. Inggeris, B. Arab);Art, Humanities & Social Science Subjects (Art, History, P.Islam/Moral)","Extrovert","Solving logical or mathematical problems;Experimenting and researching","Outgoing;Persuasive;Compassionate","5","Matriculation","Engineering (Mechanical, Civil, Electrical etc)","Personal interest & Passion","No","4","Follow your heartt"
"2025/11/18 1:34:17 AM GMT+8","Male","SPM 2022","Melaka","Boarding School (SBP / MRSM etc)","Science (Biology, Chemistry etc)","3 - 5 As (A-, A, A+)","Mathematical Subjects;Art, Humanities & Social Science Subjects (Art, History, P.Islam/Moral)","Science Subjects (Science, Biology, Physics)","Extrovert","Creating or designing things;Helping and communicating with people","Creative;Observant;Innovative","4","Diploma","Architecture & Built Environment","Personal interest & Passion;Job opportunities","No","5","Choose what you love"
"2025/11/18 1:36:33 AM GMT+8","Female","SPM 2021","Negeri Sembilan","Public School (SMK / SMJKC)","Technical & Vocational (Sains Komputer, Rekacipta, Lukisan Kejuruteraan etc)","9+ As (A-, A, A+)","Mathematical Subjects;Science Subjects (Science, Biology, Physics);Art, Humanities & Social Science Subjects (Art, History, P.Islam/Moral)","Language Subjects (B. Melayu, B. Inggeris, B. Arab)","Introvert","Solving logical or mathematical problems;Analysing and interpreting data","Observant;Innovative;Reserved","5","Foundation","Computer Science, Software & Data (Cybersecurity, Data Analytics etc)","Job opportunities;Salary potential;Family expectation","No","1","Follow your passion "
"2025/11/18 1:39:02 AM GMT+8","Female","SPM 2019 or earlier","Johor","Private School","Arts","6 - 8 As (A-, A, A+)","Mathematical Subjects;Science Subjects (Science, Biology, Physics)","Art, Humanities & Social Science Subjects (Art, History, P.Islam/Moral)","Extrovert","Helping and communicating with people;Experimenting and researching","Strategic;Persuasive;Compassionate","4","Diploma","Architecture & Built Environment","Personal interest & Passion;Job opportunities;Peers / Friends influence","Yes","4","Choose what you love "
"2025/11/18 1:40:45 AM GMT+8","Female","SPM 2019 or earlier","Melaka","Boarding School (SBP / MRSM etc)","Accountancy & Commerce (Perniagaan, Ekonomi etc);Technical & Vocational (Sains Komputer, Rekacipta, Lukisan Kejuruteraan etc)","9+ As (A-, A, A+)","Language Subjects (B. Melayu, B. Inggeris, B. Arab);Technical & Engineering Subjects","Mathematical Subjects;Science Subjects (Science, Biology, Physics)","Extrovert","Solving logical or mathematical problems;Helping and communicating with people;Writing or storytelling","Adventurous;Strategic;Compassionate","5","Foundation","Architecture & Built Environment","Job opportunities;Salary potential;Family expectation","Yes","2","Follow your dreams"
"2025/11/18 1:42:13 AM GMT+8","Female","SPM 2021","Kuala Lumpur","Private School","Arts","9+ As (A-, A, A+)","Language Subjects (B. Melayu, B. Inggeris, B. Arab);Science Subjects (Science, Biology, Physics);Art, Humanities & Social Science Subjects (Art, History, P.Islam/Moral)","Mathematical Subjects","Extrovert","Creating or designing things;Helping and communicating with people","Persuasive;Resiliant;Innovative","5","Diploma","Law & Legal Studies","Personal interest & Passion;Family expectation","No","5","Take quizzes to know better"
"2025/11/18 3:14:55 PM GMT+8","Male","SPM 2021","Kuala Lumpur","Public School (SMK / SMJKC)","Arts;Technical & Vocational (Sains Komputer, Rekacipta, Lukisan Kejuruteraan etc)","1 - 2 As (A-, A, A+)","Language Subjects (B. Melayu, B. Inggeris, B. Arab);Art, Humanities & Social Science Subjects (Art, History, P.Islam/Moral)","Mathematical Subjects;Technology & Computing Subjects","Introvert","Creating or designing things;Writing or storytelling","Creative;Observant;Compassionate","2","Foundation","Computer Science, Software & Data (Cybersecurity, Data Analytics etc)","Job opportunities;Salary potential;Peers / Friends influence","No","2","do a lot of research on the job market"
"2025/11/18 3:19:35 PM GMT+8","Male","SPM 2020","Melaka","Boarding School (SBP / MRSM etc)","Science (Biology, Chemistry etc);Accountancy & Commerce (Perniagaan, Ekonomi etc);Islamic Studies","9+ As (A-, A, A+)","Mathematical Subjects;Science Subjects (Science, Biology, Physics);Accountancy & Commerce Subjects","Language Subjects (B. Melayu, B. Inggeris, B. Arab);Art, Humanities & Social Science Subjects (Art, History, P.Islam/Moral)","Extrovert","Helping and communicating with people;Organizing, planning, or managing","Outgoing;Persuasive;Resiliant","5","A-Levels","Law & Legal Studies","Personal interest & Passion;Salary potential;Family expectation","No","5","SPM subjects don't matter as much as you think"
"2025/11/19 9:16:55 AM GMT+8","Male","SPM 2022","Sarawak","Boarding School (SBP / MRSM etc)","Arts;Technical & Vocational (Sains Komputer, Rekacipta, Lukisan Kejuruteraan etc)","1 - 2 As (A-, A, A+)","Language Subjects (B. Melayu, B. Inggeris, B. Arab);Science Subjects (Science, Biology, Physics);Art, Humanities & Social Science Subjects (Art, History, P.Islam/Moral)","Mathematical Subjects;Technical & Engineering Subjects","Introvert","Creating or designing things;Experimenting and researching","Strategic;Resiliant;Reserved","1","Matriculation","Architecture & Built Environment","Academic strength in SPM subjects;Job opportunities;Family expectation;Peers / Friends influence","Yes","1","Don’t choose for other’s satisfaction "
"2025/11/19 9:20:28 AM GMT+8","Male","SPM 2019 or earlier","Sabah","Boarding School (SBP / MRSM etc)","Technical & Vocational (Sains Komputer, Rekacipta, Lukisan Kejuruteraan etc)","3 - 5 As (A-, A, A+)","Language Subjects (B. Melayu, B. Inggeris, B. Arab);Science Subjects (Science, Biology, Physics);Art, Humanities & Social Science Subjects (Art, History, P.Islam/Moral)","Mathematical Subjects;Technology & Computing Subjects;Technical & Engineering Subjects","Introvert","Creating or designing things;Writing or storytelling","Resiliant;Innovative;Reserved","2","Matriculation","Engineering (Mechanical, Civil, Electrical etc)","Family expectation;Peers / Friends influence","No","1","Don’t choose based on only family’s opinions "
"2025/11/19 9:22:41 AM GMT+8","Female","SPM 2019 or earlier","Kuala Lumpur","Private School","Technical & Vocational (Sains Komputer, Rekacipta, Lukisan Kejuruteraan etc)","9+ As (A-, A, A+)","Mathematical Subjects;Technology & Computing Subjects;Technical & Engineering Subjects","Language Subjects (B. Melayu, B. Inggeris, B. Arab);Art, Humanities & Social Science Subjects (Art, History, P.Islam/Moral)","Extrovert","Creating or designing things;Helping and communicating with people;Organizing, planning, or managing","Creative;Adventurous;Compassionate","5","Foundation","Media & Communication","Personal interest & Passion;Job opportunities;Salary potential","No","5","spm subjects aren’t as important "
"2025/11/19 9:29:04 AM GMT+8","Male","SPM 2020","Sarawak","Public School (SMK / SMJKC)","Technical & Vocational (Sains Komputer, Rekacipta, Lukisan Kejuruteraan etc)","1 - 2 As (A-, A, A+)","Mathematical Subjects;Technology & Computing Subjects;Technical & Engineering Subjects","Language Subjects (B. Melayu, B. Inggeris, B. Arab);Science Subjects (Science, Biology, Physics);Art, Humanities & Social Science Subjects (Art, History, P.Islam/Moral)","Extrovert","Solving logical or mathematical problems;Experimenting and researching","Adventurous;Compassionate;Innovative","5","Matriculation","Architecture & Built Environment","Personal interest & Passion;Family expectation","Yes","2","Don’t choose hard course just so you could feel better about yourself "
"2025/11/19 9:32:15 AM GMT+8","Female","SPM 2021","Melaka","Boarding School (SBP / MRSM etc)","Arts;Technical & Vocational (Sains Komputer, Rekacipta, Lukisan Kejuruteraan etc)","9+ As (A-, A, A+)","Mathematical Subjects;Science Subjects (Science, Biology, Physics);Technical & Engineering Subjects","Language Subjects (B. Melayu, B. Inggeris, B. Arab);Art, Humanities & Social Science Subjects (Art, History, P.Islam/Moral)","Extrovert","Helping and communicating with people;Organizing, planning, or managing","Adventurous;Resiliant;Innovative","5","Foundation","Architecture & Built Environment","Personal interest & Passion;Job opportunities;University / Scolarship offer","Yes","5","Explore different options of courses in different universities "
"2025/11/19 9:37:22 AM GMT+8","Female","SPM 2020","Sabah","Boarding School (SBP / MRSM etc)","Technical & Vocational (Sains Komputer, Rekacipta, Lukisan Kejuruteraan etc)","1 - 2 As (A-, A, A+)","Language Subjects (B. Melayu, B. Inggeris, B. Arab);Mathematical Subjects;Art, Humanities & Social Science Subjects (Art, History, P.Islam/Moral)","Technology & Computing Subjects;Technical & Engineering Subjects","Extrovert","Experimenting and researching;Writing or storytelling","Analytical;Persuasive;Innovative","5","Matriculation","Engineering (Mechanical, Civil, Electrical etc)","Job opportunities;Family expectation;Peers / Friends influence","Yes","1","Choose your passion "
"2025/11/19 9:48:46 AM GMT+8","Male","SPM 2020","Sarawak","Boarding School (SBP / MRSM etc)","Accountancy & Commerce (Perniagaan, Ekonomi etc)","6 - 8 As (A-, A, A+)","Mathematical Subjects;Science Subjects (Science, Biology, Physics);Accountancy & Commerce Subjects","Language Subjects (B. Melayu, B. Inggeris, B. Arab)","Introvert","Experimenting and researching;Analysing and interpreting data","Analytical;Resiliant;Compassionate","4","Foundation","Computer Science, Software & Data (Cybersecurity, Data Analytics etc)","Personal interest & Passion;Job opportunities;Salary potential","No","4","Give yourself a chance to have choices over your life, don’t let others decide "
"2025/11/19 9:51:40 AM GMT+8","Male","SPM 2024","Johor","Private School","Accountancy & Commerce (Perniagaan, Ekonomi etc)","9+ As (A-, A, A+)","Language Subjects (B. Melayu, B. Inggeris, B. Arab);Mathematical Subjects;Science Subjects (Science, Biology, Physics)","Art, Humanities & Social Science Subjects (Art, History, P.Islam/Moral)","Extrovert","Helping and communicating with people;Experimenting and researching","Adventurous;Persuasive;Resiliant","4","A-Levels","Science & Mathematics (Biology, Chemistry, Mathematics etc)","Personal interest & Passion;University / Scolarship offer;Salary potential","Yes","4","Choose wisely, choosing wrong can lead to regrets "
"2025/11/19 9:58:04 AM GMT+8","Female","SPM 2024","Johor","Boarding School (SBP / MRSM etc)","Accountancy & Commerce (Perniagaan, Ekonomi etc)","6 - 8 As (A-, A, A+)","Mathematical Subjects;Science Subjects (Science, Biology, Physics);Accountancy & Commerce Subjects","Language Subjects (B. Melayu, B. Inggeris, B. Arab);Art, Humanities & Social Science Subjects (Art, History, P.Islam/Moral)","Introvert","Experimenting and researching;Analysing and interpreting data","Analytical;Observant;Reserved","1","Foundation","Business & Management (Accounting, Finance, Marketing etc)","Personal interest & Passion;Academic strength in SPM subjects;University / Scolarship offer","Yes","5","Try to apply for a lot of scholarships "
"2025/11/19 10:02:33 AM GMT+8","Male","SPM 2021","Johor","Private School","Arts;Accountancy & Commerce (Perniagaan, Ekonomi etc)","9+ As (A-, A, A+)","Mathematical Subjects;Art, Humanities & Social Science Subjects (Art, History, P.Islam/Moral);Accountancy & Commerce Subjects","Language Subjects (B. Melayu, B. Inggeris, B. Arab);Science Subjects (Science, Biology, Physics)","Introvert","Experimenting and researching;Analysing and interpreting data","Analytical;Observant;Reserved","1","A-Levels","Business & Management (Accounting, Finance, Marketing etc)","Personal interest & Passion;Academic strength in SPM subjects;University / Scolarship offer","Yes","5","Don’t take the time you have for granted, use it for research "
"2025/11/19 10:05:33 AM GMT+8","Female","SPM 2021","Johor","Boarding School (SBP / MRSM etc)","Arts;Accountancy & Commerce (Perniagaan, Ekonomi etc)","9+ As (A-, A, A+)","Language Subjects (B. Melayu, B. Inggeris, B. Arab);Mathematical Subjects;Science Subjects (Science, Biology, Physics)","Art, Humanities & Social Science Subjects (Art, History, P.Islam/Moral);Accountancy & Commerce Subjects","Extrovert","Organizing, planning, or managing;Experimenting and researching","Outgoing;Persuasive;Innovative","2","Diploma","Law & Legal Studies","University / Scolarship offer;Salary potential;Peers / Friends influence","No","1","Have your own opinions and avoid choosing just because of your friends choices "
"2025/11/19 10:09:44 AM GMT+8","Male","SPM 2020","Johor","Private School","Science (Biology, Chemistry etc)","9+ As (A-, A, A+)","Mathematical Subjects;Science Subjects (Science, Biology, Physics);Art, Humanities & Social Science Subjects (Art, History, P.Islam/Moral)","Language Subjects (B. Melayu, B. Inggeris, B. Arab)","Introvert","Solving logical or mathematical problems;Experimenting and researching","Analytical;Observant;Reserved","2","A-Levels","Health & Medical Sciences (Medicine, Pharmacy, Dentristry etc)","Personal interest & Passion;Job opportunities;Salary potential","Yes","2","What you’re passionate in in high school might not be your current passion "
"2025/11/19 10:11:46 AM GMT+8","Male","SPM 2020","Johor","Religous School (Sekolah Agama)","Science (Biology, Chemistry etc);Islamic Studies","6 - 8 As (A-, A, A+)","Mathematical Subjects;Science Subjects (Science, Biology, Physics)","Language Subjects (B. Melayu, B. Inggeris, B. Arab);Art, Humanities & Social Science Subjects (Art, History, P.Islam/Moral)","Introvert","Experimenting and researching;Analysing and interpreting data","Analytical;Observant;Reserved","1","A-Levels","Business & Management (Accounting, Finance, Marketing etc)","Academic strength in SPM subjects;Job opportunities;University / Scolarship offer","Yes","4","Choose your own path "
"2025/11/19 10:16:30 AM GMT+8","Male","SPM 2020","Johor","Religous School (Sekolah Agama)","Science (Biology, Chemistry etc);Islamic Studies","6 - 8 As (A-, A, A+)","Mathematical Subjects;Art, Humanities & Social Science Subjects (Art, History, P.Islam/Moral);Accountancy & Commerce Subjects","Language Subjects (B. Melayu, B. Inggeris, B. Arab);Science Subjects (Science, Biology, Physics)","Introvert","Solving logical or mathematical problems;Experimenting and researching","Analytical;Compassionate;Reserved","2","A-Levels","Business & Management (Accounting, Finance, Marketing etc)","Academic strength in SPM subjects;Job opportunities;University / Scolarship offer","Yes","4","Don’t be afraid and go for what you want "
"2025/11/19 10:18:47 AM GMT+8","Male","SPM 2019 or earlier","Negeri Sembilan","Religous School (Sekolah Agama)","Accountancy & Commerce (Perniagaan, Ekonomi etc);Islamic Studies","6 - 8 As (A-, A, A+)","Mathematical Subjects;Science Subjects (Science, Biology, Physics);Accountancy & Commerce Subjects","Language Subjects (B. Melayu, B. Inggeris, B. Arab);Art, Humanities & Social Science Subjects (Art, History, P.Islam/Moral)","Introvert","Solving logical or mathematical problems;Experimenting and researching","Resiliant;Innovative;Reserved","2","Foundation","Business & Management (Accounting, Finance, Marketing etc)","Academic strength in SPM subjects;Job opportunities;University / Scolarship offer","Yes","2","Explore different options and do research "
"2025/11/19 10:21:06 AM GMT+8","Female","SPM 2021","Johor","Religous School (Sekolah Agama)","Accountancy & Commerce (Perniagaan, Ekonomi etc);Islamic Studies","6 - 8 As (A-, A, A+)","Language Subjects (B. Melayu, B. Inggeris, B. Arab);Mathematical Subjects;Accountancy & Commerce Subjects","Science Subjects (Science, Biology, Physics);Art, Humanities & Social Science Subjects (Art, History, P.Islam/Moral)","Introvert","Experimenting and researching;Writing or storytelling","Resiliant;Innovative;Reserved","2","Diploma","Law & Legal Studies","Job opportunities;University / Scolarship offer;Family expectation","No","4","Fight for your passion and future "
"2025/11/19 10:22:57 AM GMT+8","Male","SPM 2020","Johor","Public School (SMK / SMJKC)","Science (Biology, Chemistry etc);Accountancy & Commerce (Perniagaan, Ekonomi etc)","9+ As (A-, A, A+)","Mathematical Subjects;Science Subjects (Science, Biology, Physics);Art, Humanities & Social Science Subjects (Art, History, P.Islam/Moral)","Language Subjects (B. Melayu, B. Inggeris, B. Arab);Accountancy & Commerce Subjects","Introvert","Solving logical or mathematical problems;Experimenting and researching","Analytical;Resiliant;Reserved","2","A-Levels","Science & Mathematics (Biology, Chemistry, Mathematics etc)","University / Scolarship offer;Family expectation;Peers / Friends influence","Yes","2","Discuss with your parents and fight for what you deserve "
"2025/11/19 10:24:53 AM GMT+8","Female","SPM 2020","Johor","Religous School (Sekolah Agama)","Science (Biology, Chemistry etc);Accountancy & Commerce (Perniagaan, Ekonomi etc);Islamic Studies","9+ As (A-, A, A+)","Language Subjects (B. Melayu, B. Inggeris, B. Arab);Mathematical Subjects;Science Subjects (Science, Biology, Physics)","Art, Humanities & Social Science Subjects (Art, History, P.Islam/Moral)","Introvert","Organizing, planning, or managing;Experimenting and researching","Outgoing;Compassionate;Reserved","2","Foundation","Computer Science, Software & Data (Cybersecurity, Data Analytics etc)","Personal interest & Passion;Job opportunities;University / Scolarship offer","No","5","Choose in what you believe in "
"2025/11/19 2:20:51 PM GMT+8","Female","SPM 2022","Negeri Sembilan","Private School","Science (Biology, Chemistry etc);Islamic Studies","6 - 8 As (A-, A, A+)","Mathematical Subjects;Science Subjects (Science, Biology, Physics)","Language Subjects (B. Melayu, B. Inggeris, B. Arab);Art, Humanities & Social Science Subjects (Art, History, P.Islam/Moral)","Extrovert","Helping and communicating with people;Organizing, planning, or managing","Adventurous;Outgoing;Compassionate","4","Matriculation","Computer Science, Software & Data (Cybersecurity, Data Analytics etc)","Academic strength in SPM subjects;University / Scolarship offer;Family expectation","Yes","1","Do a lot of research"
"2025/11/19 2:23:01 PM GMT+8","Female","SPM 2020","Pahang","Public School (SMK / SMJKC)","Accountancy & Commerce (Perniagaan, Ekonomi etc);Sports Science","6 - 8 As (A-, A, A+)","Language Subjects (B. Melayu, B. Inggeris, B. Arab);Art, Humanities & Social Science Subjects (Art, History, P.Islam/Moral)","Mathematical Subjects;Science Subjects (Science, Biology, Physics)","Extrovert","Creating or designing things;Helping and communicating with people","Strategic;Resiliant;Innovative","4","Foundation","Business & Management (Accounting, Finance, Marketing etc)","Academic strength in SPM subjects;Job opportunities;Salary potential","Yes","5","Please take your time and do alot of research "
"2025/11/19 2:25:38 PM GMT+8","Male","SPM 2020","Negeri Sembilan","Public School (SMK / SMJKC)","Science (Biology, Chemistry etc)","3 - 5 As (A-, A, A+)","Science Subjects (Science, Biology, Physics);Art, Humanities & Social Science Subjects (Art, History, P.Islam/Moral)","Language Subjects (B. Melayu, B. Inggeris, B. Arab);Mathematical Subjects","Introvert","Experimenting and researching;Writing or storytelling","Analytical;Observant;Resiliant","4","Diploma","Media & Communication","Personal interest & Passion;Job opportunities;Salary potential","No","5","SPM subjects don’t dictate your future amd career"
"2025/11/19 2:37:05 PM GMT+8","Female","SPM 2022","Negeri Sembilan","Boarding School (SBP / MRSM etc)","Science (Biology, Chemistry etc)","9+ As (A-, A, A+)","Mathematical Subjects;Science Subjects (Science, Biology, Physics)","Language Subjects (B. Melayu, B. Inggeris, B. Arab);Art, Humanities & Social Science Subjects (Art, History, P.Islam/Moral)","Extrovert","Organizing, planning, or managing;Experimenting and researching","Outgoing;Observant;Compassionate","4","A-Levels","Science & Mathematics (Biology, Chemistry, Mathematics etc)","Personal interest & Passion;Academic strength in SPM subjects;University / Scolarship offer","No","5","Try to write down all the possible outcomes of each option"
"2025/11/19 7:39:20 PM GMT+8","Male","SPM 2021","Negeri Sembilan","Religous School (Sekolah Agama)","Arts;Islamic Studies","6 - 8 As (A-, A, A+)","Language Subjects (B. Melayu, B. Inggeris, B. Arab);Science Subjects (Science, Biology, Physics)","Mathematical Subjects;Art, Humanities & Social Science Subjects (Art, History, P.Islam/Moral)","Extrovert","Experimenting and researching;Writing or storytelling","Observant;Resiliant;Innovative","2","Diploma","Architecture & Built Environment","Personal interest & Passion;Academic strength in SPM subjects;Salary potential","Yes","5","Follow your passion"
"2025/11/19 7:46:23 PM GMT+8","Female","SPM 2019 or earlier","Negeri Sembilan","Boarding School (SBP / MRSM etc)","Accountancy & Commerce (Perniagaan, Ekonomi etc)","3 - 5 As (A-, A, A+)","Language Subjects (B. Melayu, B. Inggeris, B. Arab);Art, Humanities & Social Science Subjects (Art, History, P.Islam/Moral)","Science Subjects (Science, Biology, Physics);Accountancy & Commerce Subjects","Introvert","Experimenting and researching;Writing or storytelling","Strategic;Resiliant;Innovative","1","Diploma","Business & Management (Accounting, Finance, Marketing etc)","Academic strength in SPM subjects;Job opportunities;Peers / Friends influence","Yes","1","Just because you took it for SPM, doesn't mean you have to have it as your career"
"2025/11/19 7:54:12 PM GMT+8","Male","SPM 2020","Pahang","Public School (SMK / SMJKC)","Science (Biology, Chemistry etc)","1 - 2 As (A-, A, A+)","Science Subjects (Science, Biology, Physics);Art, Humanities & Social Science Subjects (Art, History, P.Islam/Moral)","Language Subjects (B. Melayu, B. Inggeris, B. Arab);Mathematical Subjects","Extrovert","Helping and communicating with people;Writing or storytelling","Strategic;Observant;Innovative","4","Diploma","Law & Legal Studies","Personal interest & Passion;Job opportunities;Salary potential","No","5","choose your the course you're passionate in"
"2025/11/19 7:58:01 PM GMT+8","Female","SPM 2022","Selangor","Public School (SMK / SMJKC)","Arts;Sports Science","3 - 5 As (A-, A, A+)","Language Subjects (B. Melayu, B. Inggeris, B. Arab);Science Subjects (Science, Biology, Physics)","Mathematical Subjects;Art, Humanities & Social Science Subjects (Art, History, P.Islam/Moral)","Extrovert","Creating or designing things;Organizing, planning, or managing","Creative;Persuasive;Resiliant","4","Diploma","Computer Science, Software & Data (Cybersecurity, Data Analytics etc)","Personal interest & Passion;Job opportunities;Salary potential","No","5","Explore different field of studies and find one that sticks"
"2025/11/19 8:00:51 PM GMT+8","Male","SPM 2021","Selangor","Public School (SMK / SMJKC)","Technical & Vocational (Sains Komputer, Rekacipta, Lukisan Kejuruteraan etc);Sports Science","3 - 5 As (A-, A, A+)","Language Subjects (B. Melayu, B. Inggeris, B. Arab);Science Subjects (Science, Biology, Physics);Art, Humanities & Social Science Subjects (Art, History, P.Islam/Moral)","Mathematical Subjects;Technical & Engineering Subjects","Extrovert","Organizing, planning, or managing;Experimenting and researching","Creative;Strategic;Observant","4","Diploma","Creative Art (Fashion Design, Interior Design etc)","Personal interest & Passion","No","5","Don't let SPM subjects put you in a box and explore other thing"
"2025/11/19 8:03:55 PM GMT+8","Female","SPM 2021","Selangor","Public School (SMK / SMJKC)","Science (Biology, Chemistry etc)","9+ As (A-, A, A+)","Mathematical Subjects;Science Subjects (Science, Biology, Physics)","Language Subjects (B. Melayu, B. Inggeris, B. Arab);Art, Humanities & Social Science Subjects (Art, History, P.Islam/Moral)","Introvert","Experimenting and researching;Analysing and interpreting data","Analytical;Compassionate;Reserved","1","Matriculation","Health & Medical Sciences (Medicine, Pharmacy, Dentristry etc)","Personal interest & Passion;Academic strength in SPM subjects;University / Scolarship offer","Yes","4","Take your time choosing"
"2025/11/19 10:28:22 PM GMT+8","Male","SPM 2021","Selangor","Public School (SMK / SMJKC)","Science (Biology, Chemistry etc)","1 - 2 As (A-, A, A+)","Science Subjects (Science, Biology, Physics)","Mathematical Subjects","Ambivert","Organizing, planning, or managing;Experimenting and researching","Outgoing;Strategic;Observant","4","Diploma","Health & Medical Sciences (Medicine, Pharmacy, Dentristry etc)","Personal interest & Passion","Yes","5","Do what you would love to do hours on end instead of thinking of salary because money will come to you if you work hard"
"2025/11/19 10:29:17 PM GMT+8","Male","SPM 2021","Selangor","Public School (SMK / SMJKC)","Science (Biology, Chemistry etc)","3 - 5 As (A-, A, A+)","Science Subjects (Science, Biology, Physics)","Mathematical Subjects","Ambivert","Experimenting and researching;Writing or storytelling","Creative;Persuasive;Observant","4","Diploma","Computer Science, Software & Data (Cybersecurity, Data Analytics etc)","Personal interest & Passion;Job opportunities;Salary potential","No","3","Stay true to your heart and influences"
"2025/11/19 10:31:27 PM GMT+8","Male","SPM 2021","Selangor","Public School (SMK / SMJKC)","Science (Biology, Chemistry etc);Technical & Vocational (Sains Komputer, Rekacipta, Lukisan Kejuruteraan etc)","3 - 5 As (A-, A, A+)","Language Subjects (B. Melayu, B. Inggeris, B. Arab);Technical & Engineering Subjects","Mathematical Subjects;Science Subjects (Science, Biology, Physics)","Introvert","Organizing, planning, or managing","Strategic;Compassionate","4","Diploma","Creative Art (Fashion Design, Interior Design etc)","Personal interest & Passion","No","4","Choose what you like"
"2025/11/19 10:31:34 PM GMT+8","Male","SPM 2021","Melaka","Boarding School (SBP / MRSM etc)","Accountancy & Commerce (Perniagaan, Ekonomi etc)","6 - 8 As (A-, A, A+)","Language Subjects (B. Melayu, B. Inggeris, B. Arab)","Mathematical Subjects","Introvert","Helping and communicating with people;Organizing, planning, or managing","Observant;Innovative;Reserved","3","A-Levels","Business & Management (Accounting, Finance, Marketing etc)","Family expectation","Yes","3","Think wisely"
"2025/11/19 10:31:37 PM GMT+8","Male","SPM 2021","Selangor","Boarding School (SBP / MRSM etc)","Science (Biology, Chemistry etc)","9+ As (A-, A, A+)","Mathematical Subjects;Science Subjects (Science, Biology, Physics)","Language Subjects (B. Melayu, B. Inggeris, B. Arab);Mathematical Subjects","Introvert","Solving logical or mathematical problems;Creating or designing things;Experimenting and researching","Analytical;Strategic;Observant","3","A-Levels","Engineering (Mechanical, Civil, Electrical etc)","Personal interest & Passion;Academic strength in SPM subjects;University / Scolarship offer","Yes","3","FOLLOW YOUR HEART"
"2025/11/19 10:33:31 PM GMT+8","Male","SPM 2021","Sarawak","Public School (SMK / SMJKC)","Science (Biology, Chemistry etc)","9+ As (A-, A, A+)","Mathematical Subjects;Science Subjects (Science, Biology, Physics)","Science Subjects (Science, Biology, Physics)","Ambivert","Solving logical or mathematical problems;Analysing and interpreting data","Creative;Outgoing;Observant","3","A-Levels","Engineering (Mechanical, Civil, Electrical etc)","Personal interest & Passion;Academic strength in SPM subjects;Job opportunities;University / Scolarship offer;Salary potential","Yes","5","Goodluck"
"2025/11/19 10:35:11 PM GMT+8","Male","SPM 2021","Selangor","Public School (SMK / SMJKC)","Science (Biology, Chemistry etc)","3 - 5 As (A-, A, A+)","Language Subjects (B. Melayu, B. Inggeris, B. Arab)","Science Subjects (Science, Biology, Physics)","Ambivert","Creating or designing things;Helping and communicating with people;Experimenting and researching","Observant;Compassionate;Reserved","2","Foundation","Computer Science, Software & Data (Cybersecurity, Data Analytics etc)","Job opportunities;Salary potential;Family expectation","No","4","Skip uni & Marry a rich man "
"2025/11/19 10:38:35 PM GMT+8","Male","SPM 2021","Selangor","Public School (SMK / SMJKC)","Science (Biology, Chemistry etc)","3 - 5 As (A-, A, A+)","Language Subjects (B. Melayu, B. Inggeris, B. Arab);Science Subjects (Science, Biology, Physics);Art, Humanities & Social Science Subjects (Art, History, P.Islam/Moral)","Mathematical Subjects;Science Subjects (Science, Biology, Physics)","Ambivert","Solving logical or mathematical problems;Organizing, planning, or managing","Analytical;Observant;Reserved","3","Diploma","Business & Management (Accounting, Finance, Marketing etc)","Job opportunities;Salary potential;Family expectation","No","3","Dont put very high expectation on something just think logically what would you really want to do, dont follow what people follow yourself, dont let your peers and parent dictate what you wanna be"
"2025/11/19 10:38:58 PM GMT+8","Male","SPM 2021","Selangor","Public School (SMK / SMJKC)","Accountancy & Commerce (Perniagaan, Ekonomi etc)","3 - 5 As (A-, A, A+)","Language Subjects (B. Melayu, B. Inggeris, B. Arab);Mathematical Subjects;Accountancy & Commerce Subjects","Mathematical Subjects","Ambivert","Solving logical or mathematical problems;Writing or storytelling","Strategic;Observant;Compassionate","3","Diploma","Health & Medical Sciences (Medicine, Pharmacy, Dentristry etc)","Personal interest & Passion;University / Scolarship offer;Family expectation","No","3","Just choose what you are interested in"
"2025/11/19 10:39:16 PM GMT+8","Male","SPM 2021","Kuala Lumpur","Public School (SMK / SMJKC)","Science (Biology, Chemistry etc)","9+ As (A-, A, A+)","Science Subjects (Science, Biology, Physics);Technical & Engineering Subjects","Language Subjects (B. Melayu, B. Inggeris, B. Arab);Science Subjects (Science, Biology, Physics);Art, Humanities & Social Science Subjects (Art, History, P.Islam/Moral)","Ambivert","Solving logical or mathematical problems;Creating or designing things","Adventurous;Outgoing;Analytical","4","A-Levels","Engineering (Mechanical, Civil, Electrical etc)","Personal interest & Passion;Academic strength in SPM subjects;Job opportunities;University / Scolarship offer;Salary potential;Family expectation","Yes","5","Think carefully about the risk of your degree"
"2025/11/19 10:42:46 PM GMT+8","Male","SPM 2021","Melaka","Private School","Science (Biology, Chemistry etc);Accountancy & Commerce (Perniagaan, Ekonomi etc)","9+ As (A-, A, A+)","Mathematical Subjects;Science Subjects (Science, Biology, Physics);Accountancy & Commerce Subjects","Language Subjects (B. Melayu, B. Inggeris, B. Arab);Art, Humanities & Social Science Subjects (Art, History, P.Islam/Moral);Accountancy & Commerce Subjects","Ambivert","Solving logical or mathematical problems;Creating or designing things","Creative;Analytical;Strategic","3","A-Levels","Business & Management (Accounting, Finance, Marketing etc)","Job opportunities;University / Scolarship offer;Salary potential","No","4","Think about how u want your uni life to be ? "
"2025/11/19 10:45:48 PM GMT+8","Male","SPM 2021","Melaka","Private School","Science (Biology, Chemistry etc);+ accounting","9+ As (A-, A, A+)","Mathematical Subjects;Science Subjects (Science, Biology, Physics);Accountancy & Commerce Subjects","Language Subjects (B. Melayu, B. Inggeris, B. Arab)","Ambivert","Solving logical or mathematical problems","Analytical;Observant;Resiliant","3","A-Levels","Business & Management (Accounting, Finance, Marketing etc)","Salary potential","No","4","-"
"2025/11/19 10:49:10 PM GMT+8","Female","SPM 2020","Kelantan","Religous School (Sekolah Agama)","Science (Biology, Chemistry etc);Islamic Studies","6 - 8 As (A-, A, A+)","Language Subjects (B. Melayu, B. Inggeris, B. Arab);Science Subjects (Science, Biology, Physics);Art, Humanities & Social Science Subjects (Art, History, P.Islam/Moral)","Mathematical Subjects","Introvert","Experimenting and researching;Analysing and interpreting data","Analytical;Strategic;Observant","4","STPM","Science & Mathematics (Biology, Chemistry, Mathematics etc)","Personal interest & Passion;Academic strength in SPM subjects;Family expectation;Peers / Friends influence","Yes","5","Explore your passion and likes"
"2025/11/19 10:56:35 PM GMT+8","Female","SPM 2022","Terengganu","Boarding School (SBP / MRSM etc)","Science (Biology, Chemistry etc);Islamic Studies","9+ As (A-, A, A+)","Language Subjects (B. Melayu, B. Inggeris, B. Arab);Science Subjects (Science, Biology, Physics)","Mathematical Subjects;Technical & Engineering Subjects","Extrovert","Experimenting and researching;Writing or storytelling","Outgoing;Persuasive;Resiliant","4","Foundation","Health & Medical Sciences (Medicine, Pharmacy, Dentristry etc)","Academic strength in SPM subjects;University / Scolarship offer;Family expectation","Yes","5","Avoid choosing for your family’s approval "
"2025/11/19 11:00:08 PM GMT+8","Male","SPM 2021","Selangor","Boarding School (SBP / MRSM etc)","Technical & Vocational (Sains Komputer, Rekacipta, Lukisan Kejuruteraan etc)","6 - 8 As (A-, A, A+)","Language Subjects (B. Melayu, B. Inggeris, B. Arab);Mathematical Subjects;Science Subjects (Science, Biology, Physics)","Mathematical Subjects;Science Subjects (Science, Biology, Physics);Technology & Computing Subjects","Ambivert","Helping and communicating with people;Writing or storytelling","Outgoing;Observant;Compassionate","4","Diploma","Computer Science, Software & Data (Cybersecurity, Data Analytics etc)","Job opportunities;Salary potential;Family expectation","Yes","3","follow your heart"
"2025/11/19 11:00:30 PM GMT+8","Female","SPM 2019 or earlier","Terengganu","Public School (SMK / SMJKC)","Accountancy & Commerce (Perniagaan, Ekonomi etc)","1 - 2 As (A-, A, A+)","Science Subjects (Science, Biology, Physics);Art, Humanities & Social Science Subjects (Art, History, P.Islam/Moral)","Language Subjects (B. Melayu, B. Inggeris, B. Arab);Mathematical Subjects","Introvert","Organizing, planning, or managing;Experimenting and researching","Analytical;Persuasive;Compassionate","2","Foundation","Computer Science, Software & Data (Cybersecurity, Data Analytics etc)","Job opportunities;University / Scolarship offer;Salary potential","No","5","Don’t force yourself to take courses related to your SPM subject"
"2025/11/19 11:05:30 PM GMT+8","Female","SPM 2019 or earlier","Kelantan","Public School (SMK / SMJKC)","Science (Biology, Chemistry etc)","3 - 5 As (A-, A, A+)","Language Subjects (B. Melayu, B. Inggeris, B. Arab);Science Subjects (Science, Biology, Physics)","Mathematical Subjects;Accountancy & Commerce Subjects","Introvert","Helping and communicating with people;Experimenting and researching","Outgoing;Compassionate;Reserved","2","Diploma","Media & Communication","Personal interest & Passion;Job opportunities;Salary potential","No","5","Choose wiselyy"
"2025/11/19 11:18:45 PM GMT+8","Female","SPM 2020","Kelantan","Public School (SMK / SMJKC)","Accountancy & Commerce (Perniagaan, Ekonomi etc);Islamic Studies","3 - 5 As (A-, A, A+)","Language Subjects (B. Melayu, B. Inggeris, B. Arab);Science Subjects (Science, Biology, Physics);Art, Humanities & Social Science Subjects (Art, History, P.Islam/Moral)","Mathematical Subjects","Introvert","Solving logical or mathematical problems;Analysing and interpreting data","Analytical;Observant;Reserved","2","Diploma","Computer Science, Software & Data (Cybersecurity, Data Analytics etc)","Personal interest & Passion;Job opportunities;Salary potential","No","5","Follow your passion"
"2025/11/19 11:23:44 PM GMT+8","Male","SPM 2020","Terengganu","Public School (SMK / SMJKC)","Technical & Vocational (Sains Komputer, Rekacipta, Lukisan Kejuruteraan etc)","1 - 2 As (A-, A, A+)","Science Subjects (Science, Biology, Physics);Art, Humanities & Social Science Subjects (Art, History, P.Islam/Moral)","Language Subjects (B. Melayu, B. Inggeris, B. Arab);Mathematical Subjects","Introvert","Helping and communicating with people;Experimenting and researching","Analytical;Observant;Innovative","1","Matriculation","Computer Science, Software & Data (Cybersecurity, Data Analytics etc)","Family expectation;Peers / Friends influence","Yes","2","Think of what you want and do rsearch"
"2025/11/19 11:31:11 PM GMT+8","Female","SPM 2020","Terengganu","Religous School (Sekolah Agama)","Science (Biology, Chemistry etc);Islamic Studies","1 - 2 As (A-, A, A+)","Language Subjects (B. Melayu, B. Inggeris, B. Arab);Technical & Engineering Subjects","Mathematical Subjects;Art, Humanities & Social Science Subjects (Art, History, P.Islam/Moral)","Extrovert","Creating or designing things;Writing or storytelling","Adventurous;Strategic;Resiliant","1","Foundation","Business & Management (Accounting, Finance, Marketing etc)","Personal interest & Passion;Job opportunities;University / Scolarship offer","No","5","Explore different courses"
"2025/11/19 11:54:46 PM GMT+8","Male","SPM 2021","Melaka","Private School","Science (Biology, Chemistry etc)","9+ As (A-, A, A+)","Language Subjects (B. Melayu, B. Inggeris, B. Arab);Mathematical Subjects;Accountancy & Commerce Subjects","Mathematical Subjects;Science Subjects (Science, Biology, Physics)","Extrovert","Solving logical or mathematical problems;Organizing, planning, or managing","Adventurous;Analytical;Observant","5","A-Levels","Engineering (Mechanical, Civil, Electrical etc)","Personal interest & Passion;Job opportunities;Peers / Friends influence","Yes","5","do more personality tests and trust in yourself "
"2025/11/19 11:56:29 PM GMT+8","Male","SPM 2021","Kuala Lumpur","Public School (SMK / SMJKC)","Science (Biology, Chemistry etc)","6 - 8 As (A-, A, A+)","Mathematical Subjects;Science Subjects (Science, Biology, Physics)","Science Subjects (Science, Biology, Physics)","Extrovert","Helping and communicating with people;Analysing and interpreting data","Outgoing;Analytical;Compassionate","4","A-Levels","Business & Management (Accounting, Finance, Marketing etc)","Personal interest & Passion;Job opportunities;Salary potential","No","5","When you do/pursue anything, make sure you have really given it your all. Don’t ever regret from feeling like you could have done better."
"2025/11/20 12:07:40 AM GMT+8","Male","SPM 2021","Melaka","Boarding School (SBP / MRSM etc)","Science (Biology, Chemistry etc)","9+ As (A-, A, A+)","Mathematical Subjects;Science Subjects (Science, Biology, Physics)","Language Subjects (B. Melayu, B. Inggeris, B. Arab);Science Subjects (Science, Biology, Physics)","Introvert","Solving logical or mathematical problems;Creating or designing things;Helping and communicating with people;Organizing, planning, or managing;Experimenting and researching;Analysing and interpreting data","Adventurous;Analytical;Strategic;Observant;Resiliant;Compassionate;Innovative","3","A-Levels","Computer Science, Software & Data (Cybersecurity, Data Analytics etc)","Personal interest & Passion;Job opportunities;University / Scolarship offer;Salary potential","No","4","follow your passion"
"2025/11/20 12:39:52 AM GMT+8","Male","SPM 2021","Melaka","Private School","Accountancy & Commerce (Perniagaan, Ekonomi etc)","9+ As (A-, A, A+)","Mathematical Subjects;Accountancy & Commerce Subjects","Mathematical Subjects;Art, Humanities & Social Science Subjects (Art, History, P.Islam/Moral)","Ambivert","Solving logical or mathematical problems","Observant","3","Diploma","Business & Management (Accounting, Finance, Marketing etc)","Academic strength in SPM subjects;Salary potential","Yes","5","if you're not gonna continue in stem, don't take science subjects in the beginning"
"2025/11/20 1:18:35 AM GMT+8","Male","SPM 2021","Pulau Pinang","Public School (SMK / SMJKC)","Science (Biology, Chemistry etc)","3 - 5 As (A-, A, A+)","Language Subjects (B. Melayu, B. Inggeris, B. Arab)","Mathematical Subjects;Science Subjects (Science, Biology, Physics)","Introvert","Creating or designing things;Writing or storytelling","Creative;Compassionate;Reserved","4","A-Levels","Humanities & Social Sciences (Philosophy, Language etc)","Personal interest & Passion","No","5","Pick something that gives You fulfilment. It’s going to be your life so, do something you want to do and find a way to make it happen and make it pay good money"
"2025/11/20 2:13:13 AM GMT+8","Female","SPM 2021","Selangor","Boarding School (SBP / MRSM etc)","Science (Biology, Chemistry etc)","9+ As (A-, A, A+)","Mathematical Subjects;Art, Humanities & Social Science Subjects (Art, History, P.Islam/Moral)","Technology & Computing Subjects","Extrovert","Solving logical or mathematical problems;Creating or designing things;Organizing, planning, or managing","Creative;Adventurous;Outgoing;Innovative","3","A-Levels","Engineering (Mechanical, Civil, Electrical etc)","Academic strength in SPM subjects;Job opportunities;University / Scolarship offer","Yes","3","Choose what YOU actually like and you’ll be fine"
"2025/11/21 2:57:29 PM GMT+8","Female","SPM 2021","Selangor","Public School (SMK / SMJKC)","Science (Biology, Chemistry etc)","3 - 5 As (A-, A, A+)","Language Subjects (B. Melayu, B. Inggeris, B. Arab)","Mathematical Subjects;Science Subjects (Science, Biology, Physics)","Introvert","Organizing, planning, or managing;Writing or storytelling","Observant;Reserved","3","Foundation","Creative Art (Fashion Design, Interior Design etc)","Personal interest & Passion","No","3","Do a lot of research beforehand "